{"version": "1", "message": "ERROR: Hidden Testcases server unreachable.", "problem_id": "cspp1_m10_a1_1", "user_id": "saigowtham96", "score": {"sample": {"0": {"execution_time": 0.031245708465576172, "passed": false}, "1": {"execution_time": 0.04683041572570801, "passed": false}, "2": {"execution_time": 0.031279802322387695, "passed": false}, "3": {"execution_time": 0.031241416931152344, "passed": false}, "4": {"execution_time": 0.04683732986450195, "passed": false}, "5": {"execution_time": 0.031231164932250977, "passed": false}, "6": {"execution_time": 0.03128218650817871, "passed": false}, "7": {"execution_time": 0.046938419342041016, "passed": false}, "8": {"execution_time": 0.04000234603881836, "passed": false}, "9": {"execution_time": 0.03567624092102051, "passed": false}, "10": {"execution_time": 0.04686331748962402, "passed": false}, "11": {"execution_time": 0.031241655349731445, "passed": false}, "12": {"execution_time": 0.04686403274536133, "passed": false}, "13": {"execution_time": 0.03547835350036621, "passed": false}, "14": {"execution_time": 0.04686474800109863, "passed": false}, "15": {"execution_time": 0.03124213218688965, "passed": false}, "16": {"execution_time": 0.04686403274536133, "passed": false}, "17": {"execution_time": 0.04686379432678223, "passed": false}, "18": {"execution_time": 0.03124213218688965, "passed": false}, "19": {"execution_time": 0.04686450958251953, "passed": false}, "20": {"execution_time": 0.03544211387634277, "passed": false}, "21": {"execution_time": 0.046865224838256836, "passed": false}, "22": {"execution_time": 0.031241655349731445, "passed": false}, "23": {"execution_time": 0.04686450958251953, "passed": false}, "24": {"execution_time": 0.03124260902404785, "passed": false}}}, "pylint_score": "0/0"}