{"version": "1", "message": "ERROR: Hidden Testcases server unreachable.", "problem_id": "cspp1_m10_a1_1", "user_id": "saigowtham96", "score": {"sample": {"0": {"execution_time": 0.05485105514526367, "passed": false}, "1": {"execution_time": 0.04099321365356445, "passed": false}, "2": {"execution_time": 0.04182291030883789, "passed": false}, "3": {"execution_time": 0.042609214782714844, "passed": false}, "4": {"execution_time": 0.04089069366455078, "passed": false}, "5": {"execution_time": 0.03792929649353027, "passed": false}, "6": {"execution_time": 0.04016709327697754, "passed": false}, "7": {"execution_time": 0.040888309478759766, "passed": false}, "8": {"execution_time": 0.03905940055847168, "passed": false}, "9": {"execution_time": 0.041886091232299805, "passed": false}, "10": {"execution_time": 0.03989458084106445, "passed": false}, "11": {"execution_time": 0.03889656066894531, "passed": false}, "12": {"execution_time": 0.04088878631591797, "passed": false}, "13": {"execution_time": 0.038896799087524414, "passed": false}, "14": {"execution_time": 0.03989386558532715, "passed": false}, "15": {"execution_time": 0.03989362716674805, "passed": false}, "16": {"execution_time": 0.03889799118041992, "passed": false}, "17": {"execution_time": 0.039902448654174805, "passed": false}, "18": {"execution_time": 0.03989458084106445, "passed": false}, "19": {"execution_time": 0.03991961479187012, "passed": false}, "20": {"execution_time": 0.04089164733886719, "passed": false}, "21": {"execution_time": 0.03989911079406738, "passed": false}, "22": {"execution_time": 0.03885698318481445, "passed": false}, "23": {"execution_time": 0.03890061378479004, "passed": false}, "24": {"execution_time": 0.04088711738586426, "passed": false}}}, "pylint_score": "0/0"}