{"version": "1", "message": "ERROR: Hidden Testcases server unreachable.", "problem_id": "cspp1_m10_a1_1", "user_id": "saigowtham96", "score": {"sample": {"0": {"execution_time": 0.039893388748168945, "passed": true}, "1": {"execution_time": 0.038889408111572266, "passed": true}, "2": {"execution_time": 0.0388944149017334, "passed": true}, "3": {"execution_time": 0.03889656066894531, "passed": true}, "4": {"execution_time": 0.0433199405670166, "passed": true}, "5": {"execution_time": 0.04288601875305176, "passed": true}, "6": {"execution_time": 0.042884111404418945, "passed": true}, "7": {"execution_time": 0.03993082046508789, "passed": true}, "8": {"execution_time": 0.040894269943237305, "passed": true}, "9": {"execution_time": 0.039893388748168945, "passed": true}, "10": {"execution_time": 0.043883323669433594, "passed": true}, "11": {"execution_time": 0.04089665412902832, "passed": true}, "12": {"execution_time": 0.04487037658691406, "passed": true}, "13": {"execution_time": 0.04089069366455078, "passed": true}, "14": {"execution_time": 0.0468754768371582, "passed": true}, "15": {"execution_time": 0.05983901023864746, "passed": false}, "16": {"execution_time": 0.054854631423950195, "passed": true}, "17": {"execution_time": 0.05385637283325195, "passed": true}, "18": {"execution_time": 0.058843374252319336, "passed": true}, "19": {"execution_time": 0.05884528160095215, "passed": false}, "20": {"execution_time": 0.04986143112182617, "passed": true}, "21": {"execution_time": 0.05276346206665039, "passed": false}, "22": {"execution_time": 0.04787135124206543, "passed": false}, "23": {"execution_time": 0.046875953674316406, "passed": false}, "24": {"execution_time": 0.0468754768371582, "passed": false}}}, "pylint_score": "-3/10"}