{"version": "1", "message": "ERROR: Hidden Testcases server unreachable.", "problem_id": "cspp1_m10_a1_1", "user_id": "saigowtham96", "score": {"sample": {"0": {"execution_time": 0.0469059944152832, "passed": false}, "1": {"execution_time": 0.04685831069946289, "passed": false}, "2": {"execution_time": 0.031242847442626953, "passed": false}, "3": {"execution_time": 0.03939223289489746, "passed": false}, "4": {"execution_time": 0.027738094329833984, "passed": false}, "5": {"execution_time": 0.03124856948852539, "passed": false}, "6": {"execution_time": 0.04758477210998535, "passed": false}, "7": {"execution_time": 0.0359189510345459, "passed": false}, "8": {"execution_time": 0.039991140365600586, "passed": false}, "9": {"execution_time": 0.036832332611083984, "passed": false}, "10": {"execution_time": 0.03595709800720215, "passed": false}, "11": {"execution_time": 0.0359499454498291, "passed": false}, "12": {"execution_time": 0.03595304489135742, "passed": false}, "13": {"execution_time": 0.031958580017089844, "passed": false}, "14": {"execution_time": 0.035952091217041016, "passed": false}, "15": {"execution_time": 0.0359499454498291, "passed": false}, "16": {"execution_time": 0.04394125938415527, "passed": false}, "17": {"execution_time": 0.04394173622131348, "passed": false}, "18": {"execution_time": 0.04394102096557617, "passed": false}, "19": {"execution_time": 0.03569984436035156, "passed": false}, "20": {"execution_time": 0.031241178512573242, "passed": false}, "21": {"execution_time": 0.046865224838256836, "passed": false}, "22": {"execution_time": 0.04365873336791992, "passed": false}, "23": {"execution_time": 0.03931140899658203, "passed": false}, "24": {"execution_time": 0.03124213218688965, "passed": false}}}, "pylint_score": "-9/10"}