{"version": "1", "message": "ERROR: Hidden Testcases server unreachable.", "problem_id": "cspp1_m10_a1_1", "user_id": "saigowtham96", "score": {"sample": {"0": {"execution_time": 0.03789949417114258, "passed": false}, "1": {"execution_time": 0.03590750694274902, "passed": false}, "2": {"execution_time": 0.04387974739074707, "passed": false}, "3": {"execution_time": 0.04488635063171387, "passed": false}, "4": {"execution_time": 0.04487919807434082, "passed": false}, "5": {"execution_time": 0.04288601875305176, "passed": false}, "6": {"execution_time": 0.03989362716674805, "passed": false}, "7": {"execution_time": 0.04288744926452637, "passed": false}, "8": {"execution_time": 0.03989362716674805, "passed": false}, "9": {"execution_time": 0.03889608383178711, "passed": false}, "10": {"execution_time": 0.04288291931152344, "passed": false}, "11": {"execution_time": 0.039893388748168945, "passed": false}, "12": {"execution_time": 0.0388948917388916, "passed": false}, "13": {"execution_time": 0.03988194465637207, "passed": false}, "14": {"execution_time": 0.038897037506103516, "passed": false}, "15": {"execution_time": 0.03989458084106445, "passed": false}, "16": {"execution_time": 0.0388948917388916, "passed": false}, "17": {"execution_time": 0.04188942909240723, "passed": false}, "18": {"execution_time": 0.04088878631591797, "passed": false}, "19": {"execution_time": 0.04188799858093262, "passed": false}, "20": {"execution_time": 0.04189014434814453, "passed": false}, "21": {"execution_time": 0.04092764854431152, "passed": false}, "22": {"execution_time": 0.0398557186126709, "passed": false}, "23": {"execution_time": 0.03889775276184082, "passed": false}, "24": {"execution_time": 0.04089474678039551, "passed": false}}}, "pylint_score": "0/0"}