{"version": "1", "message": "ERROR: Hidden Testcases server unreachable.", "problem_id": "cspp1_m10_a1_1", "user_id": "saigowtham96", "score": {"sample": {"0": {"execution_time": 0.07190585136413574, "passed": false}, "1": {"execution_time": 0.06790900230407715, "passed": false}, "2": {"execution_time": 0.06791162490844727, "passed": false}, "3": {"execution_time": 0.0639653205871582, "passed": false}, "4": {"execution_time": 0.06391596794128418, "passed": false}, "5": {"execution_time": 0.0706644058227539, "passed": false}, "6": {"execution_time": 0.06252717971801758, "passed": false}, "7": {"execution_time": 0.062484025955200195, "passed": false}, "8": {"execution_time": 0.07806801795959473, "passed": false}, "9": {"execution_time": 0.062485694885253906, "passed": false}, "10": {"execution_time": 0.06248736381530762, "passed": false}, "11": {"execution_time": 0.07810282707214355, "passed": false}, "12": {"execution_time": 0.06804704666137695, "passed": false}, "13": {"execution_time": 0.06791067123413086, "passed": false}, "14": {"execution_time": 0.06790709495544434, "passed": false}, "15": {"execution_time": 0.07190465927124023, "passed": false}, "16": {"execution_time": 0.06790709495544434, "passed": false}, "17": {"execution_time": 0.06790661811828613, "passed": false}, "18": {"execution_time": 0.06395983695983887, "passed": false}, "19": {"execution_time": 0.05977606773376465, "passed": false}, "20": {"execution_time": 0.06245064735412598, "passed": false}, "21": {"execution_time": 0.06251978874206543, "passed": false}, "22": {"execution_time": 0.031203031539916992, "passed": false}, "23": {"execution_time": 0.04686474800109863, "passed": false}, "24": {"execution_time": 0.031281471252441406, "passed": false}}}, "pylint_score": "0/0"}