{"version": "1", "message": "ERROR: Hidden Testcases server unreachable.", "problem_id": "cspp1_m10_a1_1", "user_id": "saigowtham96", "score": {"sample": {"0": {"execution_time": 0.03989100456237793, "passed": true}, "1": {"execution_time": 0.037468910217285156, "passed": false}, "2": {"execution_time": 0.03989672660827637, "passed": false}, "3": {"execution_time": 0.039888620376586914, "passed": false}, "4": {"execution_time": 0.03989219665527344, "passed": false}, "5": {"execution_time": 0.04088115692138672, "passed": false}, "6": {"execution_time": 0.03790020942687988, "passed": false}, "7": {"execution_time": 0.0388946533203125, "passed": false}, "8": {"execution_time": 0.043883562088012695, "passed": false}, "9": {"execution_time": 0.03896021842956543, "passed": false}, "10": {"execution_time": 0.04188942909240723, "passed": false}, "11": {"execution_time": 0.03989219665527344, "passed": false}, "12": {"execution_time": 0.03690004348754883, "passed": false}, "13": {"execution_time": 0.03889656066894531, "passed": false}, "14": {"execution_time": 0.03989219665527344, "passed": false}, "15": {"execution_time": 0.043883562088012695, "passed": false}, "16": {"execution_time": 0.04089474678039551, "passed": true}, "17": {"execution_time": 0.041889190673828125, "passed": true}, "18": {"execution_time": 0.04088878631591797, "passed": true}, "19": {"execution_time": 0.04094839096069336, "passed": false}, "20": {"execution_time": 0.04089856147766113, "passed": true}, "21": {"execution_time": 0.039891958236694336, "passed": false}, "22": {"execution_time": 0.04288458824157715, "passed": false}, "23": {"execution_time": 0.0399019718170166, "passed": false}, "24": {"execution_time": 0.038860321044921875, "passed": false}}}, "pylint_score": "-4/10"}