{"version": "1", "message": "ERROR: Hidden Testcases server unreachable.", "problem_id": "cspp1_m10_a1_1", "user_id": "saigowtham96", "score": {"sample": {"0": {"execution_time": 0.04088878631591797, "passed": false}, "1": {"execution_time": 0.03989458084106445, "passed": false}, "2": {"execution_time": 0.03989124298095703, "passed": false}, "3": {"execution_time": 0.04089164733886719, "passed": false}, "4": {"execution_time": 0.04089617729187012, "passed": false}, "5": {"execution_time": 0.04188060760498047, "passed": false}, "6": {"execution_time": 0.04288220405578613, "passed": false}, "7": {"execution_time": 0.039895057678222656, "passed": false}, "8": {"execution_time": 0.03789877891540527, "passed": false}, "9": {"execution_time": 0.03806161880493164, "passed": false}, "10": {"execution_time": 0.03689932823181152, "passed": false}, "11": {"execution_time": 0.043883323669433594, "passed": false}, "12": {"execution_time": 0.039893388748168945, "passed": false}, "13": {"execution_time": 0.040891170501708984, "passed": false}, "14": {"execution_time": 0.03889727592468262, "passed": false}, "15": {"execution_time": 0.03789496421813965, "passed": false}, "16": {"execution_time": 0.04587674140930176, "passed": false}, "17": {"execution_time": 0.056862592697143555, "passed": false}, "18": {"execution_time": 0.05185818672180176, "passed": false}, "19": {"execution_time": 0.0558469295501709, "passed": false}, "20": {"execution_time": 0.06283211708068848, "passed": false}, "21": {"execution_time": 0.05086159706115723, "passed": false}, "22": {"execution_time": 0.0468745231628418, "passed": false}, "23": {"execution_time": 0.050867319107055664, "passed": false}, "24": {"execution_time": 0.046871185302734375, "passed": false}}}, "pylint_score": "0/0"}