{"version": "1", "message": "ERROR: Hidden Testcases server unreachable.", "problem_id": "cspp1_m10_a1_1", "user_id": "saigowtham96", "score": {"sample": {"0": {"execution_time": 0.05684614181518555, "passed": false}, "1": {"execution_time": 0.05485200881958008, "passed": false}, "2": {"execution_time": 0.05186128616333008, "passed": false}, "3": {"execution_time": 0.050864458084106445, "passed": false}, "4": {"execution_time": 0.04947233200073242, "passed": false}, "5": {"execution_time": 0.04587578773498535, "passed": false}, "6": {"execution_time": 0.0578458309173584, "passed": false}, "7": {"execution_time": 0.05185985565185547, "passed": false}, "8": {"execution_time": 0.050864458084106445, "passed": false}, "9": {"execution_time": 0.05186128616333008, "passed": false}, "10": {"execution_time": 0.05485367774963379, "passed": false}, "11": {"execution_time": 0.05784487724304199, "passed": false}, "12": {"execution_time": 0.057843685150146484, "passed": false}, "13": {"execution_time": 0.053854942321777344, "passed": false}, "14": {"execution_time": 0.05385541915893555, "passed": false}, "15": {"execution_time": 0.049867868423461914, "passed": false}, "16": {"execution_time": 0.051862239837646484, "passed": false}, "17": {"execution_time": 0.04787182807922363, "passed": false}, "18": {"execution_time": 0.0478672981262207, "passed": false}, "19": {"execution_time": 0.049866437911987305, "passed": false}, "20": {"execution_time": 0.04886937141418457, "passed": false}, "21": {"execution_time": 0.04886817932128906, "passed": false}, "22": {"execution_time": 0.0469202995300293, "passed": false}, "23": {"execution_time": 0.043882131576538086, "passed": false}, "24": {"execution_time": 0.04587817192077637, "passed": false}}}, "pylint_score": "0/0"}