{"version": "1", "message": "ERROR: Hidden Testcases server unreachable.", "problem_id": "cspp1_m10_a1_1", "user_id": "saigowtham96", "score": {"sample": {"0": {"execution_time": 0.07376599311828613, "passed": false}, "1": {"execution_time": 0.07139897346496582, "passed": false}, "2": {"execution_time": 0.07080912590026855, "passed": false}, "3": {"execution_time": 0.07133102416992188, "passed": false}, "4": {"execution_time": 0.0718080997467041, "passed": false}, "5": {"execution_time": 0.07084846496582031, "passed": false}, "6": {"execution_time": 0.0728452205657959, "passed": false}, "7": {"execution_time": 0.07280230522155762, "passed": false}, "8": {"execution_time": 0.07184505462646484, "passed": false}, "9": {"execution_time": 0.07181096076965332, "passed": false}, "10": {"execution_time": 0.07084488868713379, "passed": false}, "11": {"execution_time": 0.08027529716491699, "passed": false}, "12": {"execution_time": 0.07085299491882324, "passed": false}, "13": {"execution_time": 0.0728461742401123, "passed": false}, "14": {"execution_time": 0.07284903526306152, "passed": false}, "15": {"execution_time": 0.07180476188659668, "passed": false}, "16": {"execution_time": 0.07084822654724121, "passed": false}, "17": {"execution_time": 0.0857706069946289, "passed": false}, "18": {"execution_time": 0.07184314727783203, "passed": false}, "19": {"execution_time": 0.06982874870300293, "passed": false}, "20": {"execution_time": 0.07180237770080566, "passed": false}, "21": {"execution_time": 0.07077574729919434, "passed": false}, "22": {"execution_time": 0.07280302047729492, "passed": false}, "23": {"execution_time": 0.07079672813415527, "passed": false}, "24": {"execution_time": 0.07081055641174316, "passed": false}}}, "pylint_score": "-19/10"}