{"version": "1", "message": "ERROR: Hidden Testcases server unreachable.", "problem_id": "cspp1_m10_a1_1", "user_id": "saigowtham96", "score": {"sample": {"0": {"execution_time": 0.03274106979370117, "passed": false}, "1": {"execution_time": 0.025801897048950195, "passed": false}, "2": {"execution_time": 0.03128170967102051, "passed": false}, "3": {"execution_time": 0.03124833106994629, "passed": false}, "4": {"execution_time": 0.031284332275390625, "passed": false}, "5": {"execution_time": 0.031201601028442383, "passed": false}, "6": {"execution_time": 0.03243708610534668, "passed": false}, "7": {"execution_time": 0.03447127342224121, "passed": false}, "8": {"execution_time": 0.031281471252441406, "passed": false}, "9": {"execution_time": 0.04229593276977539, "passed": false}, "10": {"execution_time": 0.03341960906982422, "passed": false}, "11": {"execution_time": 0.033095359802246094, "passed": false}, "12": {"execution_time": 0.02275538444519043, "passed": false}, "13": {"execution_time": 0.04681682586669922, "passed": false}, "14": {"execution_time": 0.04686331748962402, "passed": false}, "15": {"execution_time": 0.031243324279785156, "passed": false}, "16": {"execution_time": 0.04686474800109863, "passed": false}, "17": {"execution_time": 0.031241416931152344, "passed": false}, "18": {"execution_time": 0.03124380111694336, "passed": false}, "19": {"execution_time": 0.03124213218688965, "passed": false}, "20": {"execution_time": 0.04468965530395508, "passed": false}, "21": {"execution_time": 0.031244516372680664, "passed": false}, "22": {"execution_time": 0.04686331748962402, "passed": false}, "23": {"execution_time": 0.04555320739746094, "passed": false}, "24": {"execution_time": 0.03789663314819336, "passed": false}}}, "pylint_score": "0/0"}