{"version": "1", "message": "ERROR: Hidden Testcases server unreachable.", "problem_id": "cspp1_m10_a1_1", "user_id": "saigowtham96", "score": {"sample": {"0": {"execution_time": 0.03690195083618164, "passed": false}, "1": {"execution_time": 0.0359039306640625, "passed": false}, "2": {"execution_time": 0.03694629669189453, "passed": false}, "3": {"execution_time": 0.03586935997009277, "passed": false}, "4": {"execution_time": 0.034905195236206055, "passed": false}, "5": {"execution_time": 0.035903215408325195, "passed": false}, "6": {"execution_time": 0.03595256805419922, "passed": false}, "7": {"execution_time": 0.035894155502319336, "passed": false}, "8": {"execution_time": 0.035866737365722656, "passed": false}, "9": {"execution_time": 0.03591513633728027, "passed": false}, "10": {"execution_time": 0.035941123962402344, "passed": false}, "11": {"execution_time": 0.03590798377990723, "passed": false}, "12": {"execution_time": 0.034905195236206055, "passed": false}, "13": {"execution_time": 0.03595280647277832, "passed": false}, "14": {"execution_time": 0.03589439392089844, "passed": false}, "15": {"execution_time": 0.035866498947143555, "passed": false}, "16": {"execution_time": 0.035904645919799805, "passed": false}, "17": {"execution_time": 0.036907196044921875, "passed": false}, "18": {"execution_time": 0.03690028190612793, "passed": false}, "19": {"execution_time": 0.03593325614929199, "passed": false}, "20": {"execution_time": 0.03490591049194336, "passed": false}, "21": {"execution_time": 0.03593850135803223, "passed": false}, "22": {"execution_time": 0.03587031364440918, "passed": false}, "23": {"execution_time": 0.03595399856567383, "passed": false}, "24": {"execution_time": 0.03685784339904785, "passed": false}}}, "pylint_score": "-2/10"}