{"version": "1", "message": "ERROR: Hidden Testcases server unreachable.", "problem_id": "cspp1_m10_a1_1", "user_id": "saigowtham96", "score": {"sample": {"0": {"execution_time": 0.046871185302734375, "passed": false}, "1": {"execution_time": 0.031240224838256836, "passed": true}, "2": {"execution_time": 0.031239986419677734, "passed": true}, "3": {"execution_time": 0.031209230422973633, "passed": true}, "4": {"execution_time": 0.046900272369384766, "passed": true}, "5": {"execution_time": 0.031243324279785156, "passed": false}, "6": {"execution_time": 0.031205177307128906, "passed": true}, "7": {"execution_time": 0.04686093330383301, "passed": true}, "8": {"execution_time": 0.04338717460632324, "passed": true}, "9": {"execution_time": 0.03206515312194824, "passed": false}, "10": {"execution_time": 0.04686450958251953, "passed": true}, "11": {"execution_time": 0.03124260902404785, "passed": true}, "12": {"execution_time": 0.04686403274536133, "passed": true}, "13": {"execution_time": 0.04686379432678223, "passed": false}, "14": {"execution_time": 0.03124403953552246, "passed": false}, "15": {"execution_time": 0.04686284065246582, "passed": false}, "16": {"execution_time": 0.04686379432678223, "passed": false}, "17": {"execution_time": 0.031246185302734375, "passed": false}, "18": {"execution_time": 0.04688882827758789, "passed": false}, "19": {"execution_time": 0.031215667724609375, "passed": false}, "20": {"execution_time": 0.031212568283081055, "passed": false}, "21": {"execution_time": 0.04447746276855469, "passed": false}, "22": {"execution_time": 0.04683542251586914, "passed": false}, "23": {"execution_time": 0.03130364418029785, "passed": false}, "24": {"execution_time": 0.04680299758911133, "passed": false}}}, "pylint_score": "2/10"}