{"version": "1", "message": "ERROR: Hidden Testcases server unreachable.", "problem_id": "cspp1_m10_a1_1", "user_id": "saigowtham96", "score": {"sample": {"0": {"execution_time": 0.06871795654296875, "passed": true}, "1": {"execution_time": 0.03989434242248535, "passed": true}, "2": {"execution_time": 0.04188704490661621, "passed": true}, "3": {"execution_time": 0.044425010681152344, "passed": true}, "4": {"execution_time": 0.03789830207824707, "passed": true}, "5": {"execution_time": 0.043398141860961914, "passed": true}, "6": {"execution_time": 0.045876502990722656, "passed": true}, "7": {"execution_time": 0.05585074424743652, "passed": true}, "8": {"execution_time": 0.05485272407531738, "passed": true}, "9": {"execution_time": 0.06482720375061035, "passed": true}, "10": {"execution_time": 0.058841705322265625, "passed": true}, "11": {"execution_time": 0.0508723258972168, "passed": true}, "12": {"execution_time": 0.05485367774963379, "passed": true}, "13": {"execution_time": 0.049866437911987305, "passed": true}, "14": {"execution_time": 0.05087995529174805, "passed": true}, "15": {"execution_time": 0.05086326599121094, "passed": false}, "16": {"execution_time": 0.04587411880493164, "passed": true}, "17": {"execution_time": 0.0498659610748291, "passed": true}, "18": {"execution_time": 0.04987168312072754, "passed": true}, "19": {"execution_time": 0.05337047576904297, "passed": false}, "20": {"execution_time": 0.04886913299560547, "passed": true}, "21": {"execution_time": 0.052857398986816406, "passed": false}, "22": {"execution_time": 0.05124187469482422, "passed": false}, "23": {"execution_time": 0.04986739158630371, "passed": false}, "24": {"execution_time": 0.05285930633544922, "passed": false}}}, "pylint_score": "3/10"}