{"version": "1", "message": "ERROR: Hidden Testcases server unreachable.", "problem_id": "cspp1_m10_a1_1", "user_id": "saigowtham96", "score": {"sample": {"0": {"execution_time": 0.03690218925476074, "passed": false}, "1": {"execution_time": 0.035902976989746094, "passed": false}, "2": {"execution_time": 0.04488039016723633, "passed": false}, "3": {"execution_time": 0.046894073486328125, "passed": false}, "4": {"execution_time": 0.044878482818603516, "passed": false}, "5": {"execution_time": 0.04388236999511719, "passed": false}, "6": {"execution_time": 0.04089045524597168, "passed": false}, "7": {"execution_time": 0.03989410400390625, "passed": false}, "8": {"execution_time": 0.04089069366455078, "passed": false}, "9": {"execution_time": 0.03889632225036621, "passed": false}, "10": {"execution_time": 0.040891170501708984, "passed": false}, "11": {"execution_time": 0.03989410400390625, "passed": false}, "12": {"execution_time": 0.041887521743774414, "passed": false}, "13": {"execution_time": 0.040886878967285156, "passed": false}, "14": {"execution_time": 0.03989362716674805, "passed": false}, "15": {"execution_time": 0.041887760162353516, "passed": false}, "16": {"execution_time": 0.04089045524597168, "passed": false}, "17": {"execution_time": 0.042885541915893555, "passed": false}, "18": {"execution_time": 0.03989267349243164, "passed": false}, "19": {"execution_time": 0.03989386558532715, "passed": false}, "20": {"execution_time": 0.03989005088806152, "passed": false}, "21": {"execution_time": 0.040889739990234375, "passed": false}, "22": {"execution_time": 0.04113173484802246, "passed": false}, "23": {"execution_time": 0.04089045524597168, "passed": false}, "24": {"execution_time": 0.04288530349731445, "passed": false}}}, "pylint_score": "0/0"}