{"version": "1", "message": "ERROR: Hidden Testcases server unreachable.", "problem_id": "cspp1_m10_a1_1", "user_id": "saigowtham96", "score": {"sample": {"0": {"execution_time": 0.04381871223449707, "passed": true}, "1": {"execution_time": 0.040491580963134766, "passed": false}, "2": {"execution_time": 0.04085493087768555, "passed": false}, "3": {"execution_time": 0.03989291191101074, "passed": false}, "4": {"execution_time": 0.045879364013671875, "passed": false}, "5": {"execution_time": 0.04088783264160156, "passed": false}, "6": {"execution_time": 0.039895057678222656, "passed": false}, "7": {"execution_time": 0.038895606994628906, "passed": false}, "8": {"execution_time": 0.041173458099365234, "passed": false}, "9": {"execution_time": 0.043883562088012695, "passed": false}, "10": {"execution_time": 0.036901235580444336, "passed": false}, "11": {"execution_time": 0.03982901573181152, "passed": false}, "12": {"execution_time": 0.0388951301574707, "passed": false}, "13": {"execution_time": 0.04292774200439453, "passed": false}, "14": {"execution_time": 0.04089021682739258, "passed": false}, "15": {"execution_time": 0.03989601135253906, "passed": false}, "16": {"execution_time": 0.03789710998535156, "passed": false}, "17": {"execution_time": 0.042885541915893555, "passed": false}, "18": {"execution_time": 0.039893388748168945, "passed": false}, "19": {"execution_time": 0.04188823699951172, "passed": false}, "20": {"execution_time": 0.04094409942626953, "passed": false}, "21": {"execution_time": 0.03893685340881348, "passed": false}, "22": {"execution_time": 0.039853572845458984, "passed": false}, "23": {"execution_time": 0.0429379940032959, "passed": false}, "24": {"execution_time": 0.03995227813720703, "passed": false}}}, "pylint_score": "-9/10"}