{"version": "1", "message": "ERROR: Hidden Testcases server unreachable.", "problem_id": "cspp1_m10_a1_1", "user_id": "saigowtham96", "score": {"sample": {"0": {"execution_time": 0.04583907127380371, "passed": true}, "1": {"execution_time": 0.03896450996398926, "passed": false}, "2": {"execution_time": 0.03989052772521973, "passed": false}, "3": {"execution_time": 0.042883872985839844, "passed": true}, "4": {"execution_time": 0.040892839431762695, "passed": true}, "5": {"execution_time": 0.04188394546508789, "passed": true}, "6": {"execution_time": 0.04886293411254883, "passed": false}, "7": {"execution_time": 0.053858041763305664, "passed": true}, "8": {"execution_time": 0.054854393005371094, "passed": true}, "9": {"execution_time": 0.05685138702392578, "passed": false}, "10": {"execution_time": 0.05385446548461914, "passed": false}, "11": {"execution_time": 0.046875, "passed": true}, "12": {"execution_time": 0.04979419708251953, "passed": true}, "13": {"execution_time": 0.050864219665527344, "passed": true}, "14": {"execution_time": 0.04738473892211914, "passed": true}, "15": {"execution_time": 0.05385637283325195, "passed": false}, "16": {"execution_time": 0.050864458084106445, "passed": true}, "17": {"execution_time": 0.050864219665527344, "passed": true}, "18": {"execution_time": 0.049866676330566406, "passed": true}, "19": {"execution_time": 0.04787158966064453, "passed": false}, "20": {"execution_time": 0.047872304916381836, "passed": true}, "21": {"execution_time": 0.049866437911987305, "passed": false}, "22": {"execution_time": 0.04786968231201172, "passed": false}, "23": {"execution_time": 0.04786801338195801, "passed": false}, "24": {"execution_time": 0.04787135124206543, "passed": false}}}, "pylint_score": "3/10"}