{"version": "1", "message": "ERROR: Hidden Testcases server unreachable.", "problem_id": "cspp1_m10_a1_1", "user_id": "saigowtham96", "score": {"sample": {"0": {"execution_time": 0.04686474800109863, "passed": false}, "1": {"execution_time": 0.03603506088256836, "passed": false}, "2": {"execution_time": 0.04054903984069824, "passed": false}, "3": {"execution_time": 0.03595399856567383, "passed": false}, "4": {"execution_time": 0.03195810317993164, "passed": false}, "5": {"execution_time": 0.03196978569030762, "passed": false}, "6": {"execution_time": 0.02814650535583496, "passed": false}, "7": {"execution_time": 0.04343104362487793, "passed": false}, "8": {"execution_time": 0.03128409385681152, "passed": false}, "9": {"execution_time": 0.03124713897705078, "passed": false}, "10": {"execution_time": 0.04682040214538574, "passed": false}, "11": {"execution_time": 0.046861886978149414, "passed": false}, "12": {"execution_time": 0.04694938659667969, "passed": false}, "13": {"execution_time": 0.03133440017700195, "passed": false}, "14": {"execution_time": 0.05170583724975586, "passed": false}, "15": {"execution_time": 0.03536653518676758, "passed": false}, "16": {"execution_time": 0.04686284065246582, "passed": false}, "17": {"execution_time": 0.031244516372680664, "passed": false}, "18": {"execution_time": 0.05171322822570801, "passed": false}, "19": {"execution_time": 0.027801990509033203, "passed": false}, "20": {"execution_time": 0.04686403274536133, "passed": false}, "21": {"execution_time": 0.04686450958251953, "passed": false}, "22": {"execution_time": 0.03127121925354004, "passed": false}, "23": {"execution_time": 0.046836137771606445, "passed": false}, "24": {"execution_time": 0.04686331748962402, "passed": false}}}, "pylint_score": "0/0"}