{"version": "1", "message": "ERROR: Hidden Testcases server unreachable.", "problem_id": "cspp1_m10_a1_1", "user_id": "saigowtham96", "score": {"sample": {"0": {"execution_time": 0.04882073402404785, "passed": true}, "1": {"execution_time": 0.0369420051574707, "passed": true}, "2": {"execution_time": 0.03690671920776367, "passed": true}, "3": {"execution_time": 0.03697323799133301, "passed": true}, "4": {"execution_time": 0.0378260612487793, "passed": true}, "5": {"execution_time": 0.03593778610229492, "passed": true}, "6": {"execution_time": 0.03586888313293457, "passed": true}, "7": {"execution_time": 0.05089426040649414, "passed": true}, "8": {"execution_time": 0.03667259216308594, "passed": true}, "9": {"execution_time": 0.036930084228515625, "passed": true}, "10": {"execution_time": 0.0358731746673584, "passed": true}, "11": {"execution_time": 0.03568625450134277, "passed": true}, "12": {"execution_time": 0.03596353530883789, "passed": true}, "13": {"execution_time": 0.03588676452636719, "passed": true}, "14": {"execution_time": 0.03693270683288574, "passed": true}, "15": {"execution_time": 0.03690457344055176, "passed": false}, "16": {"execution_time": 0.035947561264038086, "passed": true}, "17": {"execution_time": 0.036901235580444336, "passed": true}, "18": {"execution_time": 0.035860300064086914, "passed": true}, "19": {"execution_time": 0.03590583801269531, "passed": false}, "20": {"execution_time": 0.03693675994873047, "passed": true}, "21": {"execution_time": 0.03886270523071289, "passed": false}, "22": {"execution_time": 0.03689932823181152, "passed": false}, "23": {"execution_time": 0.03690147399902344, "passed": false}, "24": {"execution_time": 0.03595995903015137, "passed": false}}}, "pylint_score": "-3/10"}