{"version": "1", "message": "ERROR: Hidden Testcases server unreachable.", "problem_id": "cspp1_m10_a1_1", "user_id": "saigowtham96", "score": {"sample": {"0": {"execution_time": 0.040007829666137695, "passed": false}, "1": {"execution_time": 0.03589153289794922, "passed": false}, "2": {"execution_time": 0.03598976135253906, "passed": false}, "3": {"execution_time": 0.03594970703125, "passed": false}, "4": {"execution_time": 0.03591513633728027, "passed": false}, "5": {"execution_time": 0.03595280647277832, "passed": false}, "6": {"execution_time": 0.03599810600280762, "passed": false}, "7": {"execution_time": 0.035904884338378906, "passed": false}, "8": {"execution_time": 0.039946556091308594, "passed": false}, "9": {"execution_time": 0.04394173622131348, "passed": false}, "10": {"execution_time": 0.04394030570983887, "passed": false}, "11": {"execution_time": 0.027664899826049805, "passed": false}, "12": {"execution_time": 0.04686331748962402, "passed": false}, "13": {"execution_time": 0.04686570167541504, "passed": false}, "14": {"execution_time": 0.03127694129943848, "passed": false}, "15": {"execution_time": 0.04682803153991699, "passed": false}, "16": {"execution_time": 0.04686617851257324, "passed": false}, "17": {"execution_time": 0.03124237060546875, "passed": false}, "18": {"execution_time": 0.031206369400024414, "passed": false}, "19": {"execution_time": 0.04686379432678223, "passed": false}, "20": {"execution_time": 0.03124403953552246, "passed": false}, "21": {"execution_time": 0.04686284065246582, "passed": false}, "22": {"execution_time": 0.04686617851257324, "passed": false}, "23": {"execution_time": 0.04785323143005371, "passed": false}, "24": {"execution_time": 0.04394197463989258, "passed": false}}}, "pylint_score": "-10/10"}