{"version": "1", "message": "ERROR: Hidden Testcases server unreachable.", "problem_id": "cspp1_m10_a1_1", "user_id": "saigowtham96", "score": {"sample": {"0": {"execution_time": 0.03080296516418457, "passed": false}, "1": {"execution_time": 0.031243324279785156, "passed": false}, "2": {"execution_time": 0.031203269958496094, "passed": false}, "3": {"execution_time": 0.04756975173950195, "passed": false}, "4": {"execution_time": 0.02750396728515625, "passed": false}, "5": {"execution_time": 0.04166436195373535, "passed": false}, "6": {"execution_time": 0.03390979766845703, "passed": false}, "7": {"execution_time": 0.03426480293273926, "passed": false}, "8": {"execution_time": 0.034944772720336914, "passed": false}, "9": {"execution_time": 0.033910274505615234, "passed": false}, "10": {"execution_time": 0.03689980506896973, "passed": false}, "11": {"execution_time": 0.04388165473937988, "passed": false}, "12": {"execution_time": 0.046874284744262695, "passed": false}, "13": {"execution_time": 0.033220529556274414, "passed": false}, "14": {"execution_time": 0.046864986419677734, "passed": false}, "15": {"execution_time": 0.033423423767089844, "passed": false}, "16": {"execution_time": 0.04938912391662598, "passed": false}, "17": {"execution_time": 0.0386204719543457, "passed": false}, "18": {"execution_time": 0.03470754623413086, "passed": false}, "19": {"execution_time": 0.03128218650817871, "passed": false}, "20": {"execution_time": 0.047733306884765625, "passed": false}, "21": {"execution_time": 0.03124403953552246, "passed": false}, "22": {"execution_time": 0.04686427116394043, "passed": false}, "23": {"execution_time": 0.031242847442626953, "passed": false}, "24": {"execution_time": 0.03124403953552246, "passed": false}}}, "pylint_score": "-9/10"}