{"version": "1", "message": "ERROR: Hidden Testcases server unreachable.", "problem_id": "cspp1_m10_a1_1", "user_id": "saigowtham96", "score": {"sample": {"0": {"execution_time": 0.042844295501708984, "passed": true}, "1": {"execution_time": 0.03989362716674805, "passed": true}, "2": {"execution_time": 0.04188728332519531, "passed": true}, "3": {"execution_time": 0.04288649559020996, "passed": true}, "4": {"execution_time": 0.05784344673156738, "passed": true}, "5": {"execution_time": 0.05186271667480469, "passed": true}, "6": {"execution_time": 0.050865888595581055, "passed": true}, "7": {"execution_time": 0.04587697982788086, "passed": true}, "8": {"execution_time": 0.04388308525085449, "passed": true}, "9": {"execution_time": 0.0468752384185791, "passed": true}, "10": {"execution_time": 0.04803586006164551, "passed": true}, "11": {"execution_time": 0.04388284683227539, "passed": true}, "12": {"execution_time": 0.04288744926452637, "passed": true}, "13": {"execution_time": 0.04687309265136719, "passed": true}, "14": {"execution_time": 0.04488086700439453, "passed": true}, "15": {"execution_time": 0.043882131576538086, "passed": false}, "16": {"execution_time": 0.04388236999511719, "passed": true}, "17": {"execution_time": 0.0468747615814209, "passed": true}, "18": {"execution_time": 0.04388236999511719, "passed": true}, "19": {"execution_time": 0.04587984085083008, "passed": false}, "20": {"execution_time": 0.045877933502197266, "passed": true}, "21": {"execution_time": 0.04487895965576172, "passed": false}, "22": {"execution_time": 0.04687166213989258, "passed": false}, "23": {"execution_time": 0.0468747615814209, "passed": false}, "24": {"execution_time": 0.04488039016723633, "passed": false}}}, "pylint_score": "-3/10"}