{"version": "1", "message": "ERROR: Hidden Testcases server unreachable.", "problem_id": "cspp1_m10_a1_1", "user_id": "saigowtham96", "score": {"sample": {"0": {"execution_time": 0.03996539115905762, "passed": false}, "1": {"execution_time": 0.04000210762023926, "passed": true}, "2": {"execution_time": 0.040029287338256836, "passed": true}, "3": {"execution_time": 0.043970584869384766, "passed": true}, "4": {"execution_time": 0.03999829292297363, "passed": true}, "5": {"execution_time": 0.04000091552734375, "passed": false}, "6": {"execution_time": 0.04400014877319336, "passed": true}, "7": {"execution_time": 0.04000091552734375, "passed": true}, "8": {"execution_time": 0.04002809524536133, "passed": true}, "9": {"execution_time": 0.04000091552734375, "passed": false}, "10": {"execution_time": 0.03999972343444824, "passed": true}, "11": {"execution_time": 0.044037580490112305, "passed": true}, "12": {"execution_time": 0.03998589515686035, "passed": true}, "13": {"execution_time": 0.04797720909118652, "passed": false}, "14": {"execution_time": 0.03999972343444824, "passed": false}, "15": {"execution_time": 0.043999671936035156, "passed": false}, "16": {"execution_time": 0.03999900817871094, "passed": false}, "17": {"execution_time": 0.0440363883972168, "passed": false}, "18": {"execution_time": 0.039964914321899414, "passed": false}, "19": {"execution_time": 0.03999972343444824, "passed": false}, "20": {"execution_time": 0.04001116752624512, "passed": false}, "21": {"execution_time": 0.04000115394592285, "passed": false}, "22": {"execution_time": 0.03999805450439453, "passed": false}, "23": {"execution_time": 0.044000864028930664, "passed": false}, "24": {"execution_time": 0.04000067710876465, "passed": false}}}, "pylint_score": "2/10"}