{"version": "1", "message": "ERROR: Hidden Testcases server unreachable.", "problem_id": "cspp1_m10_a1_1", "user_id": "saigowtham96", "score": {"sample": {"0": {"execution_time": 0.03125643730163574, "passed": false}, "1": {"execution_time": 0.04230999946594238, "passed": false}, "2": {"execution_time": 0.032106876373291016, "passed": false}, "3": {"execution_time": 0.031244516372680664, "passed": false}, "4": {"execution_time": 0.031279563903808594, "passed": false}, "5": {"execution_time": 0.031243085861206055, "passed": false}, "6": {"execution_time": 0.031244993209838867, "passed": false}, "7": {"execution_time": 0.03124094009399414, "passed": false}, "8": {"execution_time": 0.046866655349731445, "passed": false}, "9": {"execution_time": 0.031200408935546875, "passed": false}, "10": {"execution_time": 0.03124260902404785, "passed": false}, "11": {"execution_time": 0.04686403274536133, "passed": false}, "12": {"execution_time": 0.03127908706665039, "passed": false}, "13": {"execution_time": 0.04682755470275879, "passed": false}, "14": {"execution_time": 0.031243085861206055, "passed": false}, "15": {"execution_time": 0.03815770149230957, "passed": false}, "16": {"execution_time": 0.026982784271240234, "passed": false}, "17": {"execution_time": 0.04686403274536133, "passed": false}, "18": {"execution_time": 0.03127694129943848, "passed": false}, "19": {"execution_time": 0.031209707260131836, "passed": false}, "20": {"execution_time": 0.046889305114746094, "passed": false}, "21": {"execution_time": 0.03121662139892578, "passed": false}, "22": {"execution_time": 0.046901702880859375, "passed": false}, "23": {"execution_time": 0.03127169609069824, "passed": false}, "24": {"execution_time": 0.046826839447021484, "passed": false}}}, "pylint_score": "0/10"}