{"version": "1", "message": "ERROR: Hidden Testcases server unreachable.", "problem_id": "cspp1_m10_a1_1", "user_id": "saigowtham96", "score": {"sample": {"0": {"execution_time": 0.03985905647277832, "passed": false}, "1": {"execution_time": 0.03490591049194336, "passed": false}, "2": {"execution_time": 0.03583335876464844, "passed": false}, "3": {"execution_time": 0.03490638732910156, "passed": false}, "4": {"execution_time": 0.036911964416503906, "passed": false}, "5": {"execution_time": 0.03596854209899902, "passed": false}, "6": {"execution_time": 0.035836219787597656, "passed": false}, "7": {"execution_time": 0.0388951301574707, "passed": false}, "8": {"execution_time": 0.04288959503173828, "passed": false}, "9": {"execution_time": 0.04487752914428711, "passed": false}, "10": {"execution_time": 0.04288506507873535, "passed": false}, "11": {"execution_time": 0.03989267349243164, "passed": false}, "12": {"execution_time": 0.03789877891540527, "passed": false}, "13": {"execution_time": 0.03889608383178711, "passed": false}, "14": {"execution_time": 0.03790163993835449, "passed": false}, "15": {"execution_time": 0.0388941764831543, "passed": false}, "16": {"execution_time": 0.04488039016723633, "passed": false}, "17": {"execution_time": 0.03889632225036621, "passed": false}, "18": {"execution_time": 0.03989386558532715, "passed": false}, "19": {"execution_time": 0.04089045524597168, "passed": false}, "20": {"execution_time": 0.03889608383178711, "passed": false}, "21": {"execution_time": 0.03988933563232422, "passed": false}, "22": {"execution_time": 0.04089069366455078, "passed": false}, "23": {"execution_time": 0.04089021682739258, "passed": false}, "24": {"execution_time": 0.040891170501708984, "passed": false}}}, "pylint_score": "0/0"}