{"version": "1", "message": "ERROR: Hidden Testcases server unreachable.", "problem_id": "cspp1_m10_a1_1", "user_id": "saigowtham96", "score": {"sample": {"0": {"execution_time": 0.11028313636779785, "passed": false}, "1": {"execution_time": 0.03889608383178711, "passed": false}, "2": {"execution_time": 0.04587674140930176, "passed": false}, "3": {"execution_time": 0.04388284683227539, "passed": false}, "4": {"execution_time": 0.04487490653991699, "passed": false}, "5": {"execution_time": 0.040154457092285156, "passed": false}, "6": {"execution_time": 0.04188895225524902, "passed": false}, "7": {"execution_time": 0.04089021682739258, "passed": false}, "8": {"execution_time": 0.038896799087524414, "passed": false}, "9": {"execution_time": 0.03889608383178711, "passed": false}, "10": {"execution_time": 0.03989291191101074, "passed": false}, "11": {"execution_time": 0.037899017333984375, "passed": false}, "12": {"execution_time": 0.03889632225036621, "passed": false}, "13": {"execution_time": 0.03889656066894531, "passed": false}, "14": {"execution_time": 0.0388948917388916, "passed": false}, "15": {"execution_time": 0.039895057678222656, "passed": false}, "16": {"execution_time": 0.03889322280883789, "passed": false}, "17": {"execution_time": 0.03889656066894531, "passed": false}, "18": {"execution_time": 0.04188847541809082, "passed": false}, "19": {"execution_time": 0.04088997840881348, "passed": false}, "20": {"execution_time": 0.04089069366455078, "passed": false}, "21": {"execution_time": 0.037899017333984375, "passed": false}, "22": {"execution_time": 0.038897037506103516, "passed": false}, "23": {"execution_time": 0.039893150329589844, "passed": false}, "24": {"execution_time": 0.04040050506591797, "passed": false}}}, "pylint_score": "0/0"}