{"version": "1", "message": "ERROR: Hidden Testcases server unreachable.", "problem_id": "cspp1_m10_a1_1", "user_id": "saigowtham96", "score": {"sample": {"0": {"execution_time": 0.03886246681213379, "passed": false}, "1": {"execution_time": 0.03789997100830078, "passed": false}, "2": {"execution_time": 0.038895606994628906, "passed": false}, "3": {"execution_time": 0.03789925575256348, "passed": false}, "4": {"execution_time": 0.03690218925476074, "passed": false}, "5": {"execution_time": 0.03789710998535156, "passed": false}, "6": {"execution_time": 0.03889775276184082, "passed": false}, "7": {"execution_time": 0.03789544105529785, "passed": false}, "8": {"execution_time": 0.03789877891540527, "passed": false}, "9": {"execution_time": 0.03687310218811035, "passed": false}, "10": {"execution_time": 0.03789925575256348, "passed": false}, "11": {"execution_time": 0.03789830207824707, "passed": false}, "12": {"execution_time": 0.03789806365966797, "passed": false}, "13": {"execution_time": 0.03690171241760254, "passed": false}, "14": {"execution_time": 0.038895368576049805, "passed": false}, "15": {"execution_time": 0.03686690330505371, "passed": false}, "16": {"execution_time": 0.036902666091918945, "passed": false}, "17": {"execution_time": 0.03690290451049805, "passed": false}, "18": {"execution_time": 0.03889608383178711, "passed": false}, "19": {"execution_time": 0.03889656066894531, "passed": false}, "20": {"execution_time": 0.03789854049682617, "passed": false}, "21": {"execution_time": 0.03587651252746582, "passed": false}, "22": {"execution_time": 0.03796982765197754, "passed": false}, "23": {"execution_time": 0.03686690330505371, "passed": false}, "24": {"execution_time": 0.03693342208862305, "passed": false}}}, "pylint_score": "0/0"}