{"version": "1", "message": "ERROR: Hidden Testcases server unreachable.", "problem_id": "cspp1_m10_a1_1", "user_id": "saigowtham96", "score": {"sample": {"0": {"execution_time": 0.035976409912109375, "passed": false}, "1": {"execution_time": 0.03600335121154785, "passed": false}, "2": {"execution_time": 0.03602194786071777, "passed": false}, "3": {"execution_time": 0.036003828048706055, "passed": false}, "4": {"execution_time": 0.0359346866607666, "passed": false}, "5": {"execution_time": 0.035997867584228516, "passed": false}, "6": {"execution_time": 0.040000200271606445, "passed": false}, "7": {"execution_time": 0.043999433517456055, "passed": false}, "8": {"execution_time": 0.04400038719177246, "passed": false}, "9": {"execution_time": 0.039999961853027344, "passed": false}, "10": {"execution_time": 0.04000043869018555, "passed": false}, "11": {"execution_time": 0.043999433517456055, "passed": false}, "12": {"execution_time": 0.040001869201660156, "passed": false}, "13": {"execution_time": 0.043998003005981445, "passed": false}, "14": {"execution_time": 0.040000200271606445, "passed": false}, "15": {"execution_time": 0.04000067710876465, "passed": false}, "16": {"execution_time": 0.03999972343444824, "passed": false}, "17": {"execution_time": 0.04400134086608887, "passed": false}, "18": {"execution_time": 0.04004335403442383, "passed": false}, "19": {"execution_time": 0.04002690315246582, "passed": false}, "20": {"execution_time": 0.043973684310913086, "passed": false}, "21": {"execution_time": 0.04000091552734375, "passed": false}, "22": {"execution_time": 0.04399991035461426, "passed": false}, "23": {"execution_time": 0.03999733924865723, "passed": false}, "24": {"execution_time": 0.04004406929016113, "passed": false}}}, "pylint_score": "2/10"}