{"version": "1", "message": "ERROR: Hidden Testcases server unreachable.", "problem_id": "cspp1_m10_a1_1", "user_id": "saigowtham96", "score": {"sample": {"0": {"execution_time": 0.06252264976501465, "passed": false}, "1": {"execution_time": 0.031239986419677734, "passed": true}, "2": {"execution_time": 0.04682326316833496, "passed": true}, "3": {"execution_time": 0.03128218650817871, "passed": true}, "4": {"execution_time": 0.03124380111694336, "passed": true}, "5": {"execution_time": 0.04682302474975586, "passed": false}, "6": {"execution_time": 0.03124547004699707, "passed": true}, "7": {"execution_time": 0.03128170967102051, "passed": true}, "8": {"execution_time": 0.031239986419677734, "passed": true}, "9": {"execution_time": 0.04686379432678223, "passed": false}, "10": {"execution_time": 0.031203508377075195, "passed": true}, "11": {"execution_time": 0.03128385543823242, "passed": true}, "12": {"execution_time": 0.04559516906738281, "passed": true}, "13": {"execution_time": 0.03537583351135254, "passed": false}, "14": {"execution_time": 0.03530740737915039, "passed": false}, "15": {"execution_time": 0.03538775444030762, "passed": false}, "16": {"execution_time": 0.031247377395629883, "passed": false}, "17": {"execution_time": 0.031244993209838867, "passed": false}, "18": {"execution_time": 0.031201839447021484, "passed": false}, "19": {"execution_time": 0.046907663345336914, "passed": false}, "20": {"execution_time": 0.03123760223388672, "passed": false}, "21": {"execution_time": 0.03124213218688965, "passed": false}, "22": {"execution_time": 0.04682803153991699, "passed": false}, "23": {"execution_time": 0.031278133392333984, "passed": false}, "24": {"execution_time": 0.031246185302734375, "passed": false}}}, "pylint_score": "2/10"}