{"version": "1", "message": "ERROR: Hidden Testcases server unreachable.", "problem_id": "cspp1_m10_a1_1", "user_id": "saigowtham96", "score": {"sample": {"0": {"execution_time": 0.04188680648803711, "passed": false}, "1": {"execution_time": 0.035903215408325195, "passed": false}, "2": {"execution_time": 0.037897348403930664, "passed": false}, "3": {"execution_time": 0.03690314292907715, "passed": false}, "4": {"execution_time": 0.03490710258483887, "passed": false}, "5": {"execution_time": 0.03789830207824707, "passed": false}, "6": {"execution_time": 0.0388948917388916, "passed": false}, "7": {"execution_time": 0.047873735427856445, "passed": false}, "8": {"execution_time": 0.04697418212890625, "passed": false}, "9": {"execution_time": 0.04887127876281738, "passed": false}, "10": {"execution_time": 0.04886794090270996, "passed": false}, "11": {"execution_time": 0.0448758602142334, "passed": false}, "12": {"execution_time": 0.043900251388549805, "passed": false}, "13": {"execution_time": 0.042883872985839844, "passed": false}, "14": {"execution_time": 0.0448911190032959, "passed": false}, "15": {"execution_time": 0.04287433624267578, "passed": false}, "16": {"execution_time": 0.042884111404418945, "passed": false}, "17": {"execution_time": 0.042885780334472656, "passed": false}, "18": {"execution_time": 0.042885541915893555, "passed": false}, "19": {"execution_time": 0.04388070106506348, "passed": false}, "20": {"execution_time": 0.041887760162353516, "passed": false}, "21": {"execution_time": 0.04288506507873535, "passed": false}, "22": {"execution_time": 0.04188942909240723, "passed": false}, "23": {"execution_time": 0.04288434982299805, "passed": false}, "24": {"execution_time": 0.04188847541809082, "passed": false}}}, "pylint_score": "0/0"}