{"version": "1", "message": "ERROR: Hidden Testcases server unreachable.", "problem_id": "cspp1_m10_a1_1", "user_id": "saigowtham96", "score": {"sample": {"0": {"execution_time": 0.03797602653503418, "passed": false}, "1": {"execution_time": 0.03490734100341797, "passed": false}, "2": {"execution_time": 0.035904884338378906, "passed": false}, "3": {"execution_time": 0.035902976989746094, "passed": false}, "4": {"execution_time": 0.04490542411804199, "passed": false}, "5": {"execution_time": 0.0428617000579834, "passed": false}, "6": {"execution_time": 0.04288458824157715, "passed": false}, "7": {"execution_time": 0.04288601875305176, "passed": false}, "8": {"execution_time": 0.04089069366455078, "passed": false}, "9": {"execution_time": 0.041887760162353516, "passed": false}, "10": {"execution_time": 0.0408935546875, "passed": false}, "11": {"execution_time": 0.04088950157165527, "passed": false}, "12": {"execution_time": 0.03989219665527344, "passed": false}, "13": {"execution_time": 0.04288530349731445, "passed": false}, "14": {"execution_time": 0.038895368576049805, "passed": false}, "15": {"execution_time": 0.040601253509521484, "passed": false}, "16": {"execution_time": 0.03993582725524902, "passed": false}, "17": {"execution_time": 0.040891170501708984, "passed": false}, "18": {"execution_time": 0.03988242149353027, "passed": false}, "19": {"execution_time": 0.040892601013183594, "passed": false}, "20": {"execution_time": 0.04046893119812012, "passed": false}, "21": {"execution_time": 0.04188728332519531, "passed": false}, "22": {"execution_time": 0.04089021682739258, "passed": false}, "23": {"execution_time": 0.040502071380615234, "passed": false}, "24": {"execution_time": 0.040891170501708984, "passed": false}}}, "pylint_score": "0/0"}