{"version": "1", "message": "ERROR: Hidden Testcases server unreachable.", "problem_id": "cspp1_m10_a1_1", "user_id": "saigowtham96", "score": {"sample": {"0": {"execution_time": 0.04686570167541504, "passed": false}, "1": {"execution_time": 0.03127932548522949, "passed": true}, "2": {"execution_time": 0.031203746795654297, "passed": true}, "3": {"execution_time": 0.04879570007324219, "passed": true}, "4": {"execution_time": 0.032086849212646484, "passed": true}, "5": {"execution_time": 0.03124690055847168, "passed": false}, "6": {"execution_time": 0.031278133392333984, "passed": true}, "7": {"execution_time": 0.04682612419128418, "passed": true}, "8": {"execution_time": 0.046863555908203125, "passed": true}, "9": {"execution_time": 0.04686474800109863, "passed": false}, "10": {"execution_time": 0.03124237060546875, "passed": true}, "11": {"execution_time": 0.04686450958251953, "passed": true}, "12": {"execution_time": 0.04686450958251953, "passed": true}, "13": {"execution_time": 0.031240463256835938, "passed": false}, "14": {"execution_time": 0.04686379432678223, "passed": false}, "15": {"execution_time": 0.031244516372680664, "passed": false}, "16": {"execution_time": 0.05177950859069824, "passed": false}, "17": {"execution_time": 0.03942680358886719, "passed": false}, "18": {"execution_time": 0.031241416931152344, "passed": false}, "19": {"execution_time": 0.04686546325683594, "passed": false}, "20": {"execution_time": 0.04686093330383301, "passed": false}, "21": {"execution_time": 0.031244516372680664, "passed": false}, "22": {"execution_time": 0.04686474800109863, "passed": false}, "23": {"execution_time": 0.031243085861206055, "passed": false}, "24": {"execution_time": 0.04686307907104492, "passed": false}}}, "pylint_score": "2/10"}