{"version": "1", "message": "ERROR: Hidden Testcases server unreachable.", "problem_id": "cspp1_m10_a1_1", "user_id": "saigowtham96", "score": {"sample": {"0": {"execution_time": 0.03482770919799805, "passed": false}, "1": {"execution_time": 0.03390979766845703, "passed": false}, "2": {"execution_time": 0.033971309661865234, "passed": false}, "3": {"execution_time": 0.03490495681762695, "passed": false}, "4": {"execution_time": 0.03390932083129883, "passed": false}, "5": {"execution_time": 0.03390860557556152, "passed": false}, "6": {"execution_time": 0.03490495681762695, "passed": false}, "7": {"execution_time": 0.03391146659851074, "passed": false}, "8": {"execution_time": 0.03494620323181152, "passed": false}, "9": {"execution_time": 0.034937143325805664, "passed": false}, "10": {"execution_time": 0.03594541549682617, "passed": false}, "11": {"execution_time": 0.03649306297302246, "passed": false}, "12": {"execution_time": 0.0349581241607666, "passed": false}, "13": {"execution_time": 0.035414695739746094, "passed": false}, "14": {"execution_time": 0.04587745666503906, "passed": false}, "15": {"execution_time": 0.047872066497802734, "passed": false}, "16": {"execution_time": 0.04387664794921875, "passed": false}, "17": {"execution_time": 0.04188728332519531, "passed": false}, "18": {"execution_time": 0.0388951301574707, "passed": false}, "19": {"execution_time": 0.04088997840881348, "passed": false}, "20": {"execution_time": 0.039893388748168945, "passed": false}, "21": {"execution_time": 0.04088878631591797, "passed": false}, "22": {"execution_time": 0.039893150329589844, "passed": false}, "23": {"execution_time": 0.038896799087524414, "passed": false}, "24": {"execution_time": 0.038897037506103516, "passed": false}}}, "pylint_score": "-21/10"}