{"version": "1", "message": "ERROR: Hidden Testcases server unreachable.", "problem_id": "cspp1_m10_a1_1", "user_id": "saigowtham96", "score": {"sample": {"0": {"execution_time": 0.03535938262939453, "passed": false}, "1": {"execution_time": 0.03195762634277344, "passed": false}, "2": {"execution_time": 0.03195977210998535, "passed": false}, "3": {"execution_time": 0.0359957218170166, "passed": false}, "4": {"execution_time": 0.03592038154602051, "passed": false}, "5": {"execution_time": 0.03593850135803223, "passed": false}, "6": {"execution_time": 0.035990238189697266, "passed": false}, "7": {"execution_time": 0.03197813034057617, "passed": false}, "8": {"execution_time": 0.03128623962402344, "passed": false}, "9": {"execution_time": 0.031250715255737305, "passed": false}, "10": {"execution_time": 0.04681396484375, "passed": false}, "11": {"execution_time": 0.04686450958251953, "passed": false}, "12": {"execution_time": 0.031241178512573242, "passed": false}, "13": {"execution_time": 0.04686379432678223, "passed": false}, "14": {"execution_time": 0.04686379432678223, "passed": false}, "15": {"execution_time": 0.031243085861206055, "passed": false}, "16": {"execution_time": 0.04689502716064453, "passed": false}, "17": {"execution_time": 0.03124403953552246, "passed": false}, "18": {"execution_time": 0.046831607818603516, "passed": false}, "19": {"execution_time": 0.046864986419677734, "passed": false}, "20": {"execution_time": 0.042116641998291016, "passed": false}, "21": {"execution_time": 0.0399472713470459, "passed": false}, "22": {"execution_time": 0.039946794509887695, "passed": false}, "23": {"execution_time": 0.0399470329284668, "passed": false}, "24": {"execution_time": 0.0399477481842041, "passed": false}}}, "pylint_score": "-9/10"}