{"version": "1", "message": "ERROR: Hidden Testcases server unreachable.", "problem_id": "cspp1_m10_a1_1", "user_id": "saigowtham96", "score": {"sample": {"0": {"execution_time": 0.03127169609069824, "passed": false}, "1": {"execution_time": 0.03124213218688965, "passed": true}, "2": {"execution_time": 0.04686546325683594, "passed": true}, "3": {"execution_time": 0.031241655349731445, "passed": true}, "4": {"execution_time": 0.04686570167541504, "passed": true}, "5": {"execution_time": 0.046862125396728516, "passed": false}, "6": {"execution_time": 0.03124213218688965, "passed": true}, "7": {"execution_time": 0.04620981216430664, "passed": true}, "8": {"execution_time": 0.03551149368286133, "passed": true}, "9": {"execution_time": 0.031242847442626953, "passed": false}, "10": {"execution_time": 0.031238794326782227, "passed": true}, "11": {"execution_time": 0.04682636260986328, "passed": true}, "12": {"execution_time": 0.027848243713378906, "passed": true}, "13": {"execution_time": 0.03128504753112793, "passed": false}, "14": {"execution_time": 0.04686927795410156, "passed": false}, "15": {"execution_time": 0.031198501586914062, "passed": false}, "16": {"execution_time": 0.03127765655517578, "passed": false}, "17": {"execution_time": 0.04682755470275879, "passed": false}, "18": {"execution_time": 0.031287431716918945, "passed": false}, "19": {"execution_time": 0.031196117401123047, "passed": false}, "20": {"execution_time": 0.04346323013305664, "passed": false}, "21": {"execution_time": 0.036156654357910156, "passed": false}, "22": {"execution_time": 0.03128218650817871, "passed": false}, "23": {"execution_time": 0.031206130981445312, "passed": false}, "24": {"execution_time": 0.04686236381530762, "passed": false}}}, "pylint_score": "2/10"}