{"version": "1", "message": "ERROR: Hidden Testcases server unreachable.", "problem_id": "cspp1_m10_a1_1", "user_id": "saigowtham96", "score": {"sample": {"0": {"execution_time": 0.031284332275390625, "passed": true}, "1": {"execution_time": 0.04686093330383301, "passed": false}, "2": {"execution_time": 0.03124237060546875, "passed": false}, "3": {"execution_time": 0.031207561492919922, "passed": false}, "4": {"execution_time": 0.046903371810913086, "passed": false}, "5": {"execution_time": 0.031242847442626953, "passed": false}, "6": {"execution_time": 0.031238079071044922, "passed": false}, "7": {"execution_time": 0.031204938888549805, "passed": false}, "8": {"execution_time": 0.05158710479736328, "passed": false}, "9": {"execution_time": 0.039946794509887695, "passed": false}, "10": {"execution_time": 0.04394221305847168, "passed": false}, "11": {"execution_time": 0.04393935203552246, "passed": false}, "12": {"execution_time": 0.04773974418640137, "passed": false}, "13": {"execution_time": 0.04686403274536133, "passed": false}, "14": {"execution_time": 0.031242847442626953, "passed": false}, "15": {"execution_time": 0.046864986419677734, "passed": false}, "16": {"execution_time": 0.046861886978149414, "passed": false}, "17": {"execution_time": 0.04686427116394043, "passed": true}, "18": {"execution_time": 0.046865224838256836, "passed": false}, "19": {"execution_time": 0.04367542266845703, "passed": false}, "20": {"execution_time": 0.03551340103149414, "passed": true}, "21": {"execution_time": 0.04686331748962402, "passed": false}, "22": {"execution_time": 0.04686403274536133, "passed": false}, "23": {"execution_time": 0.04686450958251953, "passed": false}, "24": {"execution_time": 0.0312807559967041, "passed": false}}}, "pylint_score": "-2/10"}