{"version": "1", "message": "ERROR: Hidden Testcases server unreachable.", "problem_id": "cspp1_m10_a1_1", "user_id": "saigowtham96", "score": {"sample": {"0": {"execution_time": 0.035867929458618164, "passed": true}, "1": {"execution_time": 0.036901235580444336, "passed": false}, "2": {"execution_time": 0.03889799118041992, "passed": false}, "3": {"execution_time": 0.04786872863769531, "passed": false}, "4": {"execution_time": 0.04587745666503906, "passed": false}, "5": {"execution_time": 0.04487776756286621, "passed": false}, "6": {"execution_time": 0.04188942909240723, "passed": false}, "7": {"execution_time": 0.04089021682739258, "passed": false}, "8": {"execution_time": 0.04089093208312988, "passed": false}, "9": {"execution_time": 0.04089069366455078, "passed": false}, "10": {"execution_time": 0.04288649559020996, "passed": false}, "11": {"execution_time": 0.04091334342956543, "passed": false}, "12": {"execution_time": 0.04088473320007324, "passed": false}, "13": {"execution_time": 0.04288506507873535, "passed": false}, "14": {"execution_time": 0.041905879974365234, "passed": false}, "15": {"execution_time": 0.04086732864379883, "passed": false}, "16": {"execution_time": 0.04092073440551758, "passed": false}, "17": {"execution_time": 0.04089069366455078, "passed": false}, "18": {"execution_time": 0.04089236259460449, "passed": false}, "19": {"execution_time": 0.04088878631591797, "passed": false}, "20": {"execution_time": 0.03989577293395996, "passed": false}, "21": {"execution_time": 0.03989052772521973, "passed": false}, "22": {"execution_time": 0.04288434982299805, "passed": false}, "23": {"execution_time": 0.04188895225524902, "passed": false}, "24": {"execution_time": 0.041887521743774414, "passed": false}}}, "pylint_score": "-3/10"}