{"version": "1", "message": "ERROR: Hidden Testcases server unreachable.", "problem_id": "cspp1_m10_a1_1", "user_id": "saigowtham96", "score": {"sample": {"0": {"execution_time": 0.04695606231689453, "passed": false}, "1": {"execution_time": 0.037901878356933594, "passed": false}, "2": {"execution_time": 0.03690028190612793, "passed": false}, "3": {"execution_time": 0.03686261177062988, "passed": false}, "4": {"execution_time": 0.03790426254272461, "passed": false}, "5": {"execution_time": 0.03689837455749512, "passed": false}, "6": {"execution_time": 0.037899017333984375, "passed": false}, "7": {"execution_time": 0.046874284744262695, "passed": false}, "8": {"execution_time": 0.04587674140930176, "passed": false}, "9": {"execution_time": 0.048867225646972656, "passed": false}, "10": {"execution_time": 0.04388117790222168, "passed": false}, "11": {"execution_time": 0.042883872985839844, "passed": false}, "12": {"execution_time": 0.04288506507873535, "passed": false}, "13": {"execution_time": 0.04188823699951172, "passed": false}, "14": {"execution_time": 0.04188823699951172, "passed": false}, "15": {"execution_time": 0.04288506507873535, "passed": false}, "16": {"execution_time": 0.04288625717163086, "passed": false}, "17": {"execution_time": 0.04488039016723633, "passed": false}, "18": {"execution_time": 0.0438840389251709, "passed": false}, "19": {"execution_time": 0.04188704490661621, "passed": false}, "20": {"execution_time": 0.047872066497802734, "passed": false}, "21": {"execution_time": 0.04613947868347168, "passed": false}, "22": {"execution_time": 0.04388308525085449, "passed": false}, "23": {"execution_time": 0.046872854232788086, "passed": false}, "24": {"execution_time": 0.05485343933105469, "passed": false}}}, "pylint_score": "-20/10"}