{"version": "1", "message": "ERROR: Hidden Testcases server unreachable.", "problem_id": "cspp1_m10_a1_1", "user_id": "saigowtham96", "score": {"sample": {"0": {"execution_time": 0.058800458908081055, "passed": false}, "1": {"execution_time": 0.03690075874328613, "passed": false}, "2": {"execution_time": 0.035927534103393555, "passed": false}, "3": {"execution_time": 0.03594660758972168, "passed": false}, "4": {"execution_time": 0.035874366760253906, "passed": false}, "5": {"execution_time": 0.03690195083618164, "passed": false}, "6": {"execution_time": 0.03789663314819336, "passed": false}, "7": {"execution_time": 0.03989434242248535, "passed": false}, "8": {"execution_time": 0.04388308525085449, "passed": false}, "9": {"execution_time": 0.0434572696685791, "passed": false}, "10": {"execution_time": 0.046875, "passed": false}, "11": {"execution_time": 0.04144620895385742, "passed": false}, "12": {"execution_time": 0.041887760162353516, "passed": false}, "13": {"execution_time": 0.03989434242248535, "passed": false}, "14": {"execution_time": 0.04089093208312988, "passed": false}, "15": {"execution_time": 0.041889190673828125, "passed": false}, "16": {"execution_time": 0.042885780334472656, "passed": false}, "17": {"execution_time": 0.03985309600830078, "passed": false}, "18": {"execution_time": 0.03989410400390625, "passed": false}, "19": {"execution_time": 0.041887760162353516, "passed": false}, "20": {"execution_time": 0.04088950157165527, "passed": false}, "21": {"execution_time": 0.04089164733886719, "passed": false}, "22": {"execution_time": 0.04188942909240723, "passed": false}, "23": {"execution_time": 0.04288458824157715, "passed": false}, "24": {"execution_time": 0.04188728332519531, "passed": false}}}, "pylint_score": "-2/10"}