{"version": "1", "message": "ERROR: Hidden Testcases server unreachable.", "problem_id": "cspp1_m10_a1_1", "user_id": "saigowtham96", "score": {"sample": {"0": {"execution_time": 0.04755425453186035, "passed": false}, "1": {"execution_time": 0.028036117553710938, "passed": false}, "2": {"execution_time": 0.0312809944152832, "passed": false}, "3": {"execution_time": 0.04682564735412598, "passed": false}, "4": {"execution_time": 0.03128385543823242, "passed": false}, "5": {"execution_time": 0.031204700469970703, "passed": false}, "6": {"execution_time": 0.03127789497375488, "passed": false}, "7": {"execution_time": 0.04688906669616699, "passed": false}, "8": {"execution_time": 0.03121662139892578, "passed": false}, "9": {"execution_time": 0.031205415725708008, "passed": false}, "10": {"execution_time": 0.03128170967102051, "passed": false}, "11": {"execution_time": 0.04682755470275879, "passed": false}, "12": {"execution_time": 0.03127861022949219, "passed": false}, "13": {"execution_time": 0.031206369400024414, "passed": false}, "14": {"execution_time": 0.03128504753112793, "passed": false}, "15": {"execution_time": 0.04783368110656738, "passed": false}, "16": {"execution_time": 0.04689764976501465, "passed": false}, "17": {"execution_time": 0.0468297004699707, "passed": false}, "18": {"execution_time": 0.04686307907104492, "passed": false}, "19": {"execution_time": 0.031243085861206055, "passed": false}, "20": {"execution_time": 0.046864986419677734, "passed": false}, "21": {"execution_time": 0.03124213218688965, "passed": false}, "22": {"execution_time": 0.04686331748962402, "passed": false}, "23": {"execution_time": 0.04686450958251953, "passed": false}, "24": {"execution_time": 0.03124213218688965, "passed": false}}}, "pylint_score": "0/0"}