{"version": "1", "message": "ERROR: Hidden Testcases server unreachable.", "problem_id": "cspp1_m10_a1_1", "user_id": "saigowtham96", "score": {"sample": {"0": {"execution_time": 0.04288363456726074, "passed": false}, "1": {"execution_time": 0.04236102104187012, "passed": false}, "2": {"execution_time": 0.043883562088012695, "passed": false}, "3": {"execution_time": 0.04188799858093262, "passed": false}, "4": {"execution_time": 0.039893150329589844, "passed": false}, "5": {"execution_time": 0.039893150329589844, "passed": false}, "6": {"execution_time": 0.04587745666503906, "passed": false}, "7": {"execution_time": 0.04487967491149902, "passed": false}, "8": {"execution_time": 0.04487943649291992, "passed": false}, "9": {"execution_time": 0.042885541915893555, "passed": false}, "10": {"execution_time": 0.03989410400390625, "passed": false}, "11": {"execution_time": 0.038893699645996094, "passed": false}, "12": {"execution_time": 0.042885780334472656, "passed": false}, "13": {"execution_time": 0.04088568687438965, "passed": false}, "14": {"execution_time": 0.03889656066894531, "passed": false}, "15": {"execution_time": 0.04288506507873535, "passed": false}, "16": {"execution_time": 0.04288506507873535, "passed": false}, "17": {"execution_time": 0.03989410400390625, "passed": false}, "18": {"execution_time": 0.03889584541320801, "passed": false}, "19": {"execution_time": 0.03889608383178711, "passed": false}, "20": {"execution_time": 0.040891170501708984, "passed": false}, "21": {"execution_time": 0.039893150329589844, "passed": false}, "22": {"execution_time": 0.03989696502685547, "passed": false}, "23": {"execution_time": 0.039891719818115234, "passed": false}, "24": {"execution_time": 0.04089069366455078, "passed": false}}}, "pylint_score": "0/0"}