{"version": "1", "message": "ERROR: Hidden Testcases server unreachable.", "problem_id": "cspp1_m10_a1_1", "user_id": "saigowtham96", "score": {"sample": {"0": {"execution_time": 0.040888309478759766, "passed": true}, "1": {"execution_time": 0.0359041690826416, "passed": false}, "2": {"execution_time": 0.0359041690826416, "passed": false}, "3": {"execution_time": 0.03590798377990723, "passed": false}, "4": {"execution_time": 0.043877601623535156, "passed": false}, "5": {"execution_time": 0.04587745666503906, "passed": false}, "6": {"execution_time": 0.04886913299560547, "passed": false}, "7": {"execution_time": 0.04887056350708008, "passed": false}, "8": {"execution_time": 0.04188728332519531, "passed": false}, "9": {"execution_time": 0.04089069366455078, "passed": false}, "10": {"execution_time": 0.04288506507873535, "passed": false}, "11": {"execution_time": 0.04188728332519531, "passed": false}, "12": {"execution_time": 0.04188847541809082, "passed": false}, "13": {"execution_time": 0.039893388748168945, "passed": false}, "14": {"execution_time": 0.04388236999511719, "passed": false}, "15": {"execution_time": 0.04089069366455078, "passed": false}, "16": {"execution_time": 0.04288506507873535, "passed": false}, "17": {"execution_time": 0.039893388748168945, "passed": false}, "18": {"execution_time": 0.03989362716674805, "passed": false}, "19": {"execution_time": 0.03985595703125, "passed": false}, "20": {"execution_time": 0.04089164733886719, "passed": false}, "21": {"execution_time": 0.04288458824157715, "passed": false}, "22": {"execution_time": 0.040891170501708984, "passed": false}, "23": {"execution_time": 0.042885780334472656, "passed": false}, "24": {"execution_time": 0.03889727592468262, "passed": false}}}, "pylint_score": "-4/10"}