{"version": "1", "message": "ERROR: Hidden Testcases server unreachable.", "problem_id": "cspp1_m10_a1_1", "user_id": "saigowtham96", "score": {"sample": {"0": {"execution_time": 0.03591346740722656, "passed": false}, "1": {"execution_time": 0.03598952293395996, "passed": false}, "2": {"execution_time": 0.03591418266296387, "passed": false}, "3": {"execution_time": 0.03182244300842285, "passed": false}, "4": {"execution_time": 0.031238794326782227, "passed": false}, "5": {"execution_time": 0.031202316284179688, "passed": false}, "6": {"execution_time": 0.046860694885253906, "passed": false}, "7": {"execution_time": 0.031281471252441406, "passed": false}, "8": {"execution_time": 0.031242847442626953, "passed": false}, "9": {"execution_time": 0.03124213218688965, "passed": false}, "10": {"execution_time": 0.04682755470275879, "passed": false}, "11": {"execution_time": 0.03128194808959961, "passed": false}, "12": {"execution_time": 0.031202077865600586, "passed": false}, "13": {"execution_time": 0.031241178512573242, "passed": false}, "14": {"execution_time": 0.04686403274536133, "passed": false}, "15": {"execution_time": 0.046864986419677734, "passed": false}, "16": {"execution_time": 0.04161548614501953, "passed": false}, "17": {"execution_time": 0.0399472713470459, "passed": false}, "18": {"execution_time": 0.039945125579833984, "passed": false}, "19": {"execution_time": 0.039948463439941406, "passed": false}, "20": {"execution_time": 0.03994441032409668, "passed": false}, "21": {"execution_time": 0.0399470329284668, "passed": false}, "22": {"execution_time": 0.04394078254699707, "passed": false}, "23": {"execution_time": 0.039946794509887695, "passed": false}, "24": {"execution_time": 0.0399470329284668, "passed": false}}}, "pylint_score": "-10/10"}