{"version": "1", "message": "ERROR: Hidden Testcases server unreachable.", "problem_id": "cspp1_m10_a1_1", "user_id": "saigowtham96", "score": {"sample": {"0": {"execution_time": 0.14760589599609375, "passed": false}, "1": {"execution_time": 0.09673881530761719, "passed": false}, "2": {"execution_time": 0.09725451469421387, "passed": false}, "3": {"execution_time": 0.09275007247924805, "passed": false}, "4": {"execution_time": 0.09475016593933105, "passed": false}, "5": {"execution_time": 0.09275460243225098, "passed": false}, "6": {"execution_time": 0.09578728675842285, "passed": false}, "7": {"execution_time": 0.08976149559020996, "passed": false}, "8": {"execution_time": 0.0947422981262207, "passed": false}, "9": {"execution_time": 0.08775973320007324, "passed": false}, "10": {"execution_time": 0.09773898124694824, "passed": false}, "11": {"execution_time": 0.0967404842376709, "passed": false}, "12": {"execution_time": 0.09973287582397461, "passed": false}, "13": {"execution_time": 0.09973335266113281, "passed": false}, "14": {"execution_time": 0.0897665023803711, "passed": false}, "15": {"execution_time": 0.09973335266113281, "passed": false}, "16": {"execution_time": 0.09274840354919434, "passed": false}, "17": {"execution_time": 0.09075713157653809, "passed": false}, "18": {"execution_time": 0.09175539016723633, "passed": false}, "19": {"execution_time": 0.09075617790222168, "passed": false}, "20": {"execution_time": 0.09175419807434082, "passed": false}, "21": {"execution_time": 0.09574580192565918, "passed": false}, "22": {"execution_time": 0.09574103355407715, "passed": false}, "23": {"execution_time": 0.10372185707092285, "passed": false}, "24": {"execution_time": 0.0967400074005127, "passed": false}}}, "pylint_score": "0/0"}