{"version": "1", "message": "ERROR: Hidden Testcases server unreachable.", "problem_id": "cspp1_m10_a1_1", "user_id": "saigowtham96", "score": {"sample": {"0": {"execution_time": 0.17746973037719727, "passed": true}, "1": {"execution_time": 0.14162325859069824, "passed": true}, "2": {"execution_time": 0.07878899574279785, "passed": true}, "3": {"execution_time": 0.07985734939575195, "passed": true}, "4": {"execution_time": 0.07776403427124023, "passed": true}, "5": {"execution_time": 0.07882118225097656, "passed": true}, "6": {"execution_time": 0.07483220100402832, "passed": true}, "7": {"execution_time": 0.07380294799804688, "passed": true}, "8": {"execution_time": 0.07479739189147949, "passed": true}, "9": {"execution_time": 0.07483553886413574, "passed": true}, "10": {"execution_time": 0.07584452629089355, "passed": true}, "11": {"execution_time": 0.07875680923461914, "passed": true}, "12": {"execution_time": 0.07878780364990234, "passed": true}, "13": {"execution_time": 0.07384109497070312, "passed": true}, "14": {"execution_time": 0.07883787155151367, "passed": true}, "15": {"execution_time": 0.07980966567993164, "passed": false}, "16": {"execution_time": 0.09973573684692383, "passed": true}, "17": {"execution_time": 0.2564713954925537, "passed": true}, "18": {"execution_time": 0.08182168006896973, "passed": true}, "19": {"execution_time": 0.09035992622375488, "passed": false}, "20": {"execution_time": 0.11170482635498047, "passed": true}, "21": {"execution_time": 0.1227264404296875, "passed": false}, "22": {"execution_time": 0.08576631546020508, "passed": false}, "23": {"execution_time": 0.09085965156555176, "passed": false}, "24": {"execution_time": 0.08525681495666504, "passed": false}}}, "pylint_score": "-3/10"}