{"version": "1", "message": "ERROR: Hidden Testcases server unreachable.", "problem_id": "cspp1_m10_a1_1", "user_id": "saigowtham96", "score": {"sample": {"0": {"execution_time": 0.05987286567687988, "passed": false}, "1": {"execution_time": 0.03892827033996582, "passed": false}, "2": {"execution_time": 0.03686785697937012, "passed": false}, "3": {"execution_time": 0.03895211219787598, "passed": false}, "4": {"execution_time": 0.03789544105529785, "passed": false}, "5": {"execution_time": 0.03693580627441406, "passed": false}, "6": {"execution_time": 0.03892803192138672, "passed": false}, "7": {"execution_time": 0.03789067268371582, "passed": false}, "8": {"execution_time": 0.038834333419799805, "passed": false}, "9": {"execution_time": 0.0369417667388916, "passed": false}, "10": {"execution_time": 0.036962270736694336, "passed": false}, "11": {"execution_time": 0.03789639472961426, "passed": false}, "12": {"execution_time": 0.04787302017211914, "passed": false}, "13": {"execution_time": 0.05285787582397461, "passed": false}, "14": {"execution_time": 0.05186057090759277, "passed": false}, "15": {"execution_time": 0.04388236999511719, "passed": false}, "16": {"execution_time": 0.04286336898803711, "passed": false}, "17": {"execution_time": 0.04089093208312988, "passed": false}, "18": {"execution_time": 0.04288649559020996, "passed": false}, "19": {"execution_time": 0.04288458824157715, "passed": false}, "20": {"execution_time": 0.04487919807434082, "passed": false}, "21": {"execution_time": 0.04587912559509277, "passed": false}, "22": {"execution_time": 0.04188680648803711, "passed": false}, "23": {"execution_time": 0.0438840389251709, "passed": false}, "24": {"execution_time": 0.04388117790222168, "passed": false}}}, "pylint_score": "-19/10"}