{"version": "1", "message": "ERROR: Hidden Testcases server unreachable.", "problem_id": "cspp1_m10_a1_1", "user_id": "saigowtham96", "score": {"sample": {"0": {"execution_time": 0.046891212463378906, "passed": false}, "1": {"execution_time": 0.031203269958496094, "passed": true}, "2": {"execution_time": 0.03128170967102051, "passed": true}, "3": {"execution_time": 0.04682755470275879, "passed": true}, "4": {"execution_time": 0.031242847442626953, "passed": true}, "5": {"execution_time": 0.03982377052307129, "passed": false}, "6": {"execution_time": 0.03181052207946777, "passed": true}, "7": {"execution_time": 0.031246185302734375, "passed": true}, "8": {"execution_time": 0.0312039852142334, "passed": true}, "9": {"execution_time": 0.046861886978149414, "passed": false}, "10": {"execution_time": 0.031242847442626953, "passed": true}, "11": {"execution_time": 0.03124213218688965, "passed": true}, "12": {"execution_time": 0.04686450958251953, "passed": true}, "13": {"execution_time": 0.046865224838256836, "passed": false}, "14": {"execution_time": 0.03124260902404785, "passed": false}, "15": {"execution_time": 0.04686570167541504, "passed": false}, "16": {"execution_time": 0.03127622604370117, "passed": false}, "17": {"execution_time": 0.046829938888549805, "passed": false}, "18": {"execution_time": 0.04649615287780762, "passed": false}, "19": {"execution_time": 0.05224275588989258, "passed": false}, "20": {"execution_time": 0.031242847442626953, "passed": false}, "21": {"execution_time": 0.04686331748962402, "passed": false}, "22": {"execution_time": 0.04686236381530762, "passed": false}, "23": {"execution_time": 0.031281232833862305, "passed": false}, "24": {"execution_time": 0.04682636260986328, "passed": false}}}, "pylint_score": "2/10"}