{"version": "1", "message": "ERROR: Hidden Testcases server unreachable.", "problem_id": "cspp1_m10_a1_1", "user_id": "saigowtham96", "score": {"sample": {"0": {"execution_time": 0.03989601135253906, "passed": true}, "1": {"execution_time": 0.0389246940612793, "passed": false}, "2": {"execution_time": 0.04144930839538574, "passed": false}, "3": {"execution_time": 0.03989219665527344, "passed": false}, "4": {"execution_time": 0.04091215133666992, "passed": false}, "5": {"execution_time": 0.03890633583068848, "passed": false}, "6": {"execution_time": 0.04088926315307617, "passed": false}, "7": {"execution_time": 0.04196906089782715, "passed": false}, "8": {"execution_time": 0.0388948917388916, "passed": false}, "9": {"execution_time": 0.040921926498413086, "passed": false}, "10": {"execution_time": 0.042887210845947266, "passed": false}, "11": {"execution_time": 0.036900997161865234, "passed": false}, "12": {"execution_time": 0.039893150329589844, "passed": false}, "13": {"execution_time": 0.042885780334472656, "passed": false}, "14": {"execution_time": 0.03786611557006836, "passed": false}, "15": {"execution_time": 0.04188942909240723, "passed": false}, "16": {"execution_time": 0.039895057678222656, "passed": false}, "17": {"execution_time": 0.038893699645996094, "passed": false}, "18": {"execution_time": 0.03988981246948242, "passed": false}, "19": {"execution_time": 0.03989410400390625, "passed": false}, "20": {"execution_time": 0.040895938873291016, "passed": false}, "21": {"execution_time": 0.04039645195007324, "passed": false}, "22": {"execution_time": 0.03790020942687988, "passed": false}, "23": {"execution_time": 0.039893388748168945, "passed": false}, "24": {"execution_time": 0.04188728332519531, "passed": false}}}, "pylint_score": "-7/10"}