{"version": "1", "message": "ERROR: Hidden Testcases server unreachable.", "problem_id": "cspp1_m10_a1_1", "user_id": "saigowtham96", "score": {"sample": {"0": {"execution_time": 0.05521512031555176, "passed": false}, "1": {"execution_time": 0.03795123100280762, "passed": false}, "2": {"execution_time": 0.03885006904602051, "passed": false}, "3": {"execution_time": 0.038895368576049805, "passed": false}, "4": {"execution_time": 0.03789710998535156, "passed": false}, "5": {"execution_time": 0.03789782524108887, "passed": false}, "6": {"execution_time": 0.036900997161865234, "passed": false}, "7": {"execution_time": 0.03898310661315918, "passed": false}, "8": {"execution_time": 0.03781247138977051, "passed": false}, "9": {"execution_time": 0.03795790672302246, "passed": false}, "10": {"execution_time": 0.036968231201171875, "passed": false}, "11": {"execution_time": 0.03694033622741699, "passed": false}, "12": {"execution_time": 0.03690147399902344, "passed": false}, "13": {"execution_time": 0.03790903091430664, "passed": false}, "14": {"execution_time": 0.038884878158569336, "passed": false}, "15": {"execution_time": 0.03790616989135742, "passed": false}, "16": {"execution_time": 0.037897586822509766, "passed": false}, "17": {"execution_time": 0.03790116310119629, "passed": false}, "18": {"execution_time": 0.03686642646789551, "passed": false}, "19": {"execution_time": 0.03690147399902344, "passed": false}, "20": {"execution_time": 0.036103010177612305, "passed": false}, "21": {"execution_time": 0.036921024322509766, "passed": false}, "22": {"execution_time": 0.03690028190612793, "passed": false}, "23": {"execution_time": 0.03707599639892578, "passed": false}, "24": {"execution_time": 0.03784751892089844, "passed": false}}}, "pylint_score": "0/0"}