{"version": "1", "message": "ERROR: Hidden Testcases server unreachable.", "problem_id": "cspp1_m10_a1_1", "user_id": "saigowtham96", "score": {"sample": {"0": {"execution_time": 0.05380845069885254, "passed": true}, "1": {"execution_time": 0.04886937141418457, "passed": true}, "2": {"execution_time": 0.04587984085083008, "passed": true}, "3": {"execution_time": 0.048866987228393555, "passed": true}, "4": {"execution_time": 0.04492068290710449, "passed": true}, "5": {"execution_time": 0.044881343841552734, "passed": true}, "6": {"execution_time": 0.044492244720458984, "passed": true}, "7": {"execution_time": 0.046926021575927734, "passed": true}, "8": {"execution_time": 0.04587578773498535, "passed": true}, "9": {"execution_time": 0.04539155960083008, "passed": true}, "10": {"execution_time": 0.047870635986328125, "passed": true}, "11": {"execution_time": 0.04986882209777832, "passed": true}, "12": {"execution_time": 0.048868417739868164, "passed": true}, "13": {"execution_time": 0.05186009407043457, "passed": true}, "14": {"execution_time": 0.04587817192077637, "passed": true}, "15": {"execution_time": 0.042883872985839844, "passed": false}, "16": {"execution_time": 0.0468754768371582, "passed": true}, "17": {"execution_time": 0.04488205909729004, "passed": true}, "18": {"execution_time": 0.045873403549194336, "passed": true}, "19": {"execution_time": 0.04488325119018555, "passed": false}, "20": {"execution_time": 0.04192996025085449, "passed": true}, "21": {"execution_time": 0.04683685302734375, "passed": false}, "22": {"execution_time": 0.0448758602142334, "passed": false}, "23": {"execution_time": 0.04787158966064453, "passed": false}, "24": {"execution_time": 0.04886937141418457, "passed": false}}}, "pylint_score": "0/10"}