{"version": "1", "message": "ERROR: Hidden Testcases server unreachable.", "problem_id": "cspp1_m10_a1_1", "user_id": "saigowtham96", "score": {"sample": {"0": {"execution_time": 0.08607077598571777, "passed": true}, "1": {"execution_time": 0.03889751434326172, "passed": true}, "2": {"execution_time": 0.038565874099731445, "passed": true}, "3": {"execution_time": 0.03885459899902344, "passed": true}, "4": {"execution_time": 0.038934946060180664, "passed": true}, "5": {"execution_time": 0.03985452651977539, "passed": true}, "6": {"execution_time": 0.03989267349243164, "passed": true}, "7": {"execution_time": 0.03893256187438965, "passed": true}, "8": {"execution_time": 0.03789687156677246, "passed": true}, "9": {"execution_time": 0.04288458824157715, "passed": true}, "10": {"execution_time": 0.04886913299560547, "passed": true}, "11": {"execution_time": 0.05086207389831543, "passed": true}, "12": {"execution_time": 0.05285978317260742, "passed": true}, "13": {"execution_time": 0.04487967491149902, "passed": true}, "14": {"execution_time": 0.045917510986328125, "passed": true}, "15": {"execution_time": 0.04687356948852539, "passed": false}, "16": {"execution_time": 0.04587745666503906, "passed": true}, "17": {"execution_time": 0.04488039016723633, "passed": true}, "18": {"execution_time": 0.04886913299560547, "passed": true}, "19": {"execution_time": 0.048882484436035156, "passed": false}, "20": {"execution_time": 0.05141162872314453, "passed": true}, "21": {"execution_time": 0.04787015914916992, "passed": false}, "22": {"execution_time": 0.04488039016723633, "passed": false}, "23": {"execution_time": 0.04587817192077637, "passed": false}, "24": {"execution_time": 0.04687356948852539, "passed": false}}}, "pylint_score": "-3/10"}