{"version": "1", "message": "ERROR: Hidden Testcases server unreachable.", "problem_id": "cspp1_m10_a1_1", "user_id": "saigowtham96", "score": {"sample": {"0": {"execution_time": 0.04683995246887207, "passed": false}, "1": {"execution_time": 0.033022403717041016, "passed": false}, "2": {"execution_time": 0.031205177307128906, "passed": false}, "3": {"execution_time": 0.04686474800109863, "passed": false}, "4": {"execution_time": 0.03127861022949219, "passed": false}, "5": {"execution_time": 0.031244993209838867, "passed": false}, "6": {"execution_time": 0.04682302474975586, "passed": false}, "7": {"execution_time": 0.03124213218688965, "passed": false}, "8": {"execution_time": 0.03128314018249512, "passed": false}, "9": {"execution_time": 0.04749894142150879, "passed": false}, "10": {"execution_time": 0.04394054412841797, "passed": false}, "11": {"execution_time": 0.043941497802734375, "passed": false}, "12": {"execution_time": 0.039946794509887695, "passed": false}, "13": {"execution_time": 0.039947509765625, "passed": false}, "14": {"execution_time": 0.039946794509887695, "passed": false}, "15": {"execution_time": 0.0399479866027832, "passed": false}, "16": {"execution_time": 0.03994441032409668, "passed": false}, "17": {"execution_time": 0.03994631767272949, "passed": false}, "18": {"execution_time": 0.0399472713470459, "passed": false}, "19": {"execution_time": 0.0399472713470459, "passed": false}, "20": {"execution_time": 0.03994560241699219, "passed": false}, "21": {"execution_time": 0.03604722023010254, "passed": false}, "22": {"execution_time": 0.04686403274536133, "passed": false}, "23": {"execution_time": 0.03127789497375488, "passed": false}, "24": {"execution_time": 0.0468292236328125, "passed": false}}}, "pylint_score": "-11/10"}