{"version": "1", "message": "ERROR: Hidden Testcases server unreachable.", "problem_id": "cspp1_m10_a1_1", "user_id": "saigowtham96", "score": {"sample": {"0": {"execution_time": 0.039939165115356445, "passed": true}, "1": {"execution_time": 0.03885197639465332, "passed": true}, "2": {"execution_time": 0.03995800018310547, "passed": true}, "3": {"execution_time": 0.03789997100830078, "passed": true}, "4": {"execution_time": 0.03792262077331543, "passed": true}, "5": {"execution_time": 0.03692913055419922, "passed": true}, "6": {"execution_time": 0.03889322280883789, "passed": true}, "7": {"execution_time": 0.03690218925476074, "passed": true}, "8": {"execution_time": 0.03789877891540527, "passed": true}, "9": {"execution_time": 0.03789949417114258, "passed": true}, "10": {"execution_time": 0.038884639739990234, "passed": true}, "11": {"execution_time": 0.03889608383178711, "passed": true}, "12": {"execution_time": 0.03789877891540527, "passed": true}, "13": {"execution_time": 0.03983759880065918, "passed": true}, "14": {"execution_time": 0.03790020942687988, "passed": true}, "15": {"execution_time": 0.03789710998535156, "passed": false}, "16": {"execution_time": 0.03790688514709473, "passed": true}, "17": {"execution_time": 0.03888750076293945, "passed": true}, "18": {"execution_time": 0.03789782524108887, "passed": true}, "19": {"execution_time": 0.03791165351867676, "passed": false}, "20": {"execution_time": 0.03694486618041992, "passed": true}, "21": {"execution_time": 0.03889608383178711, "passed": false}, "22": {"execution_time": 0.03793764114379883, "passed": false}, "23": {"execution_time": 0.03690218925476074, "passed": false}, "24": {"execution_time": 0.03796553611755371, "passed": false}}}, "pylint_score": "0/10"}