{"version": "1", "message": "ERROR: Hidden Testcases server unreachable.", "problem_id": "cspp1_m10_a1_1", "user_id": "saigowtham96", "score": {"sample": {"0": {"execution_time": 0.03985238075256348, "passed": false}, "1": {"execution_time": 0.03590250015258789, "passed": false}, "2": {"execution_time": 0.03490710258483887, "passed": false}, "3": {"execution_time": 0.03586459159851074, "passed": false}, "4": {"execution_time": 0.038851022720336914, "passed": false}, "5": {"execution_time": 0.044884681701660156, "passed": false}, "6": {"execution_time": 0.043882131576538086, "passed": false}, "7": {"execution_time": 0.04886937141418457, "passed": false}, "8": {"execution_time": 0.039895057678222656, "passed": false}, "9": {"execution_time": 0.03988981246948242, "passed": false}, "10": {"execution_time": 0.039894819259643555, "passed": false}, "11": {"execution_time": 0.0418856143951416, "passed": false}, "12": {"execution_time": 0.04288744926452637, "passed": false}, "13": {"execution_time": 0.03989458084106445, "passed": false}, "14": {"execution_time": 0.0388948917388916, "passed": false}, "15": {"execution_time": 0.039893388748168945, "passed": false}, "16": {"execution_time": 0.03989553451538086, "passed": false}, "17": {"execution_time": 0.039893150329589844, "passed": false}, "18": {"execution_time": 0.04089069366455078, "passed": false}, "19": {"execution_time": 0.03889608383178711, "passed": false}, "20": {"execution_time": 0.038935184478759766, "passed": false}, "21": {"execution_time": 0.040891170501708984, "passed": false}, "22": {"execution_time": 0.03789925575256348, "passed": false}, "23": {"execution_time": 0.03889727592468262, "passed": false}, "24": {"execution_time": 0.04089164733886719, "passed": false}}}, "pylint_score": "0/0"}