{"version": "1", "message": "ERROR: Hidden Testcases server unreachable.", "problem_id": "cspp1_m10_a1_1", "user_id": "saigowtham96", "score": {"sample": {"0": {"execution_time": 0.03590512275695801, "passed": false}, "1": {"execution_time": 0.0399317741394043, "passed": false}, "2": {"execution_time": 0.03486895561218262, "passed": false}, "3": {"execution_time": 0.0359187126159668, "passed": false}, "4": {"execution_time": 0.035889387130737305, "passed": false}, "5": {"execution_time": 0.03490591049194336, "passed": false}, "6": {"execution_time": 0.0359036922454834, "passed": false}, "7": {"execution_time": 0.035904645919799805, "passed": false}, "8": {"execution_time": 0.03693246841430664, "passed": false}, "9": {"execution_time": 0.03487515449523926, "passed": false}, "10": {"execution_time": 0.035903215408325195, "passed": false}, "11": {"execution_time": 0.035904645919799805, "passed": false}, "12": {"execution_time": 0.03690218925476074, "passed": false}, "13": {"execution_time": 0.0359044075012207, "passed": false}, "14": {"execution_time": 0.0359039306640625, "passed": false}, "15": {"execution_time": 0.04487967491149902, "passed": false}, "16": {"execution_time": 0.04488015174865723, "passed": false}, "17": {"execution_time": 0.042883872985839844, "passed": false}, "18": {"execution_time": 0.041887760162353516, "passed": false}, "19": {"execution_time": 0.03989744186401367, "passed": false}, "20": {"execution_time": 0.03988814353942871, "passed": false}, "21": {"execution_time": 0.04089188575744629, "passed": false}, "22": {"execution_time": 0.04089045524597168, "passed": false}, "23": {"execution_time": 0.041887760162353516, "passed": false}, "24": {"execution_time": 0.04188799858093262, "passed": false}}}, "pylint_score": "0/0"}