{"version": "1", "message": "ERROR: Hidden Testcases server unreachable.", "problem_id": "cspp1_m10_a1_1", "user_id": "saigowtham96", "score": {"sample": {"0": {"execution_time": 0.043845415115356445, "passed": true}, "1": {"execution_time": 0.04188823699951172, "passed": false}, "2": {"execution_time": 0.04089069366455078, "passed": false}, "3": {"execution_time": 0.04089188575744629, "passed": false}, "4": {"execution_time": 0.037966251373291016, "passed": false}, "5": {"execution_time": 0.0418248176574707, "passed": false}, "6": {"execution_time": 0.04191875457763672, "passed": false}, "7": {"execution_time": 0.03989362716674805, "passed": false}, "8": {"execution_time": 0.04986715316772461, "passed": false}, "9": {"execution_time": 0.04092741012573242, "passed": false}, "10": {"execution_time": 0.04188847541809082, "passed": false}, "11": {"execution_time": 0.03782773017883301, "passed": false}, "12": {"execution_time": 0.03789782524108887, "passed": false}, "13": {"execution_time": 0.04189634323120117, "passed": false}, "14": {"execution_time": 0.03989005088806152, "passed": false}, "15": {"execution_time": 0.04189014434814453, "passed": false}, "16": {"execution_time": 0.03989100456237793, "passed": false}, "17": {"execution_time": 0.03889346122741699, "passed": true}, "18": {"execution_time": 0.039933204650878906, "passed": false}, "19": {"execution_time": 0.0388941764831543, "passed": false}, "20": {"execution_time": 0.042752742767333984, "passed": true}, "21": {"execution_time": 0.039829254150390625, "passed": false}, "22": {"execution_time": 0.03989601135253906, "passed": false}, "23": {"execution_time": 0.040369510650634766, "passed": false}, "24": {"execution_time": 0.04192662239074707, "passed": false}}}, "pylint_score": "0/10"}