{"version": "1", "message": "ERROR: Hidden Testcases server unreachable.", "problem_id": "cspp1_m10_a1_1", "user_id": "saigowtham96", "score": {"sample": {"0": {"execution_time": 0.046869754791259766, "passed": false}, "1": {"execution_time": 0.03128933906555176, "passed": false}, "2": {"execution_time": 0.03119206428527832, "passed": false}, "3": {"execution_time": 0.03127932548522949, "passed": false}, "4": {"execution_time": 0.031244516372680664, "passed": false}, "5": {"execution_time": 0.04682469367980957, "passed": false}, "6": {"execution_time": 0.03128552436828613, "passed": false}, "7": {"execution_time": 0.031241655349731445, "passed": false}, "8": {"execution_time": 0.0312042236328125, "passed": false}, "9": {"execution_time": 0.0468597412109375, "passed": false}, "10": {"execution_time": 0.04686403274536133, "passed": false}, "11": {"execution_time": 0.031242847442626953, "passed": false}, "12": {"execution_time": 0.05480337142944336, "passed": false}, "13": {"execution_time": 0.038893938064575195, "passed": false}, "14": {"execution_time": 0.03789854049682617, "passed": false}, "15": {"execution_time": 0.03789925575256348, "passed": false}, "16": {"execution_time": 0.03789877891540527, "passed": false}, "17": {"execution_time": 0.036900997161865234, "passed": false}, "18": {"execution_time": 0.03789997100830078, "passed": false}, "19": {"execution_time": 0.03789710998535156, "passed": false}, "20": {"execution_time": 0.03690195083618164, "passed": false}, "21": {"execution_time": 0.03789710998535156, "passed": false}, "22": {"execution_time": 0.03789687156677246, "passed": false}, "23": {"execution_time": 0.03989458084106445, "passed": false}, "24": {"execution_time": 0.03699517250061035, "passed": false}}}, "pylint_score": "-10/10"}