{"version": "1", "message": "ERROR: Hidden Testcases server unreachable.", "problem_id": "cspp1_m10_a1_1", "user_id": "saigowtham96", "score": {"sample": {"0": {"execution_time": 0.26356959342956543, "passed": true}, "1": {"execution_time": 0.0738060474395752, "passed": false}, "2": {"execution_time": 0.0857241153717041, "passed": false}, "3": {"execution_time": 0.10172772407531738, "passed": false}, "4": {"execution_time": 0.1047203540802002, "passed": false}, "5": {"execution_time": 0.10172748565673828, "passed": false}, "6": {"execution_time": 0.10372161865234375, "passed": false}, "7": {"execution_time": 0.09773778915405273, "passed": false}, "8": {"execution_time": 0.09075474739074707, "passed": false}, "9": {"execution_time": 0.09027719497680664, "passed": false}, "10": {"execution_time": 0.0982503890991211, "passed": false}, "11": {"execution_time": 0.10024452209472656, "passed": false}, "12": {"execution_time": 0.09674382209777832, "passed": false}, "13": {"execution_time": 0.09973764419555664, "passed": false}, "14": {"execution_time": 0.09776949882507324, "passed": false}, "15": {"execution_time": 0.0942695140838623, "passed": false}, "16": {"execution_time": 0.09625101089477539, "passed": false}, "17": {"execution_time": 0.0952599048614502, "passed": true}, "18": {"execution_time": 0.09474682807922363, "passed": false}, "19": {"execution_time": 0.09574460983276367, "passed": false}, "20": {"execution_time": 0.09275984764099121, "passed": true}, "21": {"execution_time": 0.09773683547973633, "passed": false}, "22": {"execution_time": 0.09075713157653809, "passed": false}, "23": {"execution_time": 0.09773993492126465, "passed": false}, "24": {"execution_time": 0.0967400074005127, "passed": false}}}, "pylint_score": "0/10"}