{"version": "1", "message": "ERROR: Hidden Testcases server unreachable.", "problem_id": "cspp1_m10_a1_1", "user_id": "saigowtham96", "score": {"sample": {"0": {"execution_time": 0.03889608383178711, "passed": true}, "1": {"execution_time": 0.03989219665527344, "passed": true}, "2": {"execution_time": 0.03989458084106445, "passed": true}, "3": {"execution_time": 0.039891958236694336, "passed": true}, "4": {"execution_time": 0.03789877891540527, "passed": true}, "5": {"execution_time": 0.03892803192138672, "passed": true}, "6": {"execution_time": 0.03988480567932129, "passed": true}, "7": {"execution_time": 0.04191184043884277, "passed": true}, "8": {"execution_time": 0.05482935905456543, "passed": true}, "9": {"execution_time": 0.047943115234375, "passed": true}, "10": {"execution_time": 0.04085588455200195, "passed": true}, "11": {"execution_time": 0.03885960578918457, "passed": true}, "12": {"execution_time": 0.03889894485473633, "passed": true}, "13": {"execution_time": 0.04539036750793457, "passed": true}, "14": {"execution_time": 0.04293107986450195, "passed": true}, "15": {"execution_time": 0.04084658622741699, "passed": false}, "16": {"execution_time": 0.039893388748168945, "passed": true}, "17": {"execution_time": 0.040891170501708984, "passed": true}, "18": {"execution_time": 0.03690028190612793, "passed": true}, "19": {"execution_time": 0.04093337059020996, "passed": false}, "20": {"execution_time": 0.03989267349243164, "passed": true}, "21": {"execution_time": 0.04097914695739746, "passed": false}, "22": {"execution_time": 0.040856361389160156, "passed": false}, "23": {"execution_time": 0.03948092460632324, "passed": false}, "24": {"execution_time": 0.039891719818115234, "passed": false}}}, "pylint_score": "-3/10"}