{"version": "1", "message": "ERROR: Hidden Testcases server unreachable.", "problem_id": "cspp1_m10_a1_1", "user_id": "saigowtham96", "score": {"sample": {"0": {"execution_time": 0.03962540626525879, "passed": false}, "1": {"execution_time": 0.03989267349243164, "passed": false}, "2": {"execution_time": 0.04041433334350586, "passed": false}, "3": {"execution_time": 0.038896799087524414, "passed": false}, "4": {"execution_time": 0.04288673400878906, "passed": false}, "5": {"execution_time": 0.04040098190307617, "passed": false}, "6": {"execution_time": 0.03889632225036621, "passed": false}, "7": {"execution_time": 0.039893150329589844, "passed": false}, "8": {"execution_time": 0.03889584541320801, "passed": false}, "9": {"execution_time": 0.04188847541809082, "passed": false}, "10": {"execution_time": 0.03989148139953613, "passed": false}, "11": {"execution_time": 0.039893150329589844, "passed": false}, "12": {"execution_time": 0.040891170501708984, "passed": false}, "13": {"execution_time": 0.03989267349243164, "passed": false}, "14": {"execution_time": 0.03989386558532715, "passed": false}, "15": {"execution_time": 0.03690218925476074, "passed": false}, "16": {"execution_time": 0.03494119644165039, "passed": false}, "17": {"execution_time": 0.035863399505615234, "passed": false}, "18": {"execution_time": 0.03494000434875488, "passed": false}, "19": {"execution_time": 0.03490424156188965, "passed": false}, "20": {"execution_time": 0.034944772720336914, "passed": false}, "21": {"execution_time": 0.03490710258483887, "passed": false}, "22": {"execution_time": 0.0369105339050293, "passed": false}, "23": {"execution_time": 0.03594660758972168, "passed": false}, "24": {"execution_time": 0.03688836097717285, "passed": false}}}, "pylint_score": "0/0"}