{"version": "1", "message": "ERROR: Hidden Testcases server unreachable.", "problem_id": "cspp1_m10_a1_1", "user_id": "saigowtham96", "score": {"sample": {"0": {"execution_time": 0.062418460845947266, "passed": false}, "1": {"execution_time": 0.031276702880859375, "passed": false}, "2": {"execution_time": 0.03124403953552246, "passed": false}, "3": {"execution_time": 0.048230886459350586, "passed": false}, "4": {"execution_time": 0.027750015258789062, "passed": false}, "5": {"execution_time": 0.0312504768371582, "passed": false}, "6": {"execution_time": 0.04681849479675293, "passed": false}, "7": {"execution_time": 0.0312802791595459, "passed": false}, "8": {"execution_time": 0.031206846237182617, "passed": false}, "9": {"execution_time": 0.03549075126647949, "passed": false}, "10": {"execution_time": 0.0468287467956543, "passed": false}, "11": {"execution_time": 0.031238555908203125, "passed": false}, "12": {"execution_time": 0.04686403274536133, "passed": false}, "13": {"execution_time": 0.04686379432678223, "passed": false}, "14": {"execution_time": 0.031243085861206055, "passed": false}, "15": {"execution_time": 0.04689669609069824, "passed": false}, "16": {"execution_time": 0.04784107208251953, "passed": false}, "17": {"execution_time": 0.03924846649169922, "passed": false}, "18": {"execution_time": 0.031243324279785156, "passed": false}, "19": {"execution_time": 0.04686546325683594, "passed": false}, "20": {"execution_time": 0.04686164855957031, "passed": false}, "21": {"execution_time": 0.031242847442626953, "passed": false}, "22": {"execution_time": 0.04686427116394043, "passed": false}, "23": {"execution_time": 0.04686379432678223, "passed": false}, "24": {"execution_time": 0.031302690505981445, "passed": false}}}, "pylint_score": "2/10"}