{"version": "1", "message": "ERROR: Hidden Testcases server unreachable.", "problem_id": "cspp1_m10_a1_1", "user_id": "saigowtham96", "score": {"sample": {"0": {"execution_time": 0.05485177040100098, "passed": false}, "1": {"execution_time": 0.05884289741516113, "passed": false}, "2": {"execution_time": 0.0578458309173584, "passed": false}, "3": {"execution_time": 0.05485343933105469, "passed": false}, "4": {"execution_time": 0.0638265609741211, "passed": false}, "5": {"execution_time": 0.05385231971740723, "passed": false}, "6": {"execution_time": 0.05385637283325195, "passed": false}, "7": {"execution_time": 0.05485415458679199, "passed": false}, "8": {"execution_time": 0.05186057090759277, "passed": false}, "9": {"execution_time": 0.05385589599609375, "passed": false}, "10": {"execution_time": 0.05585169792175293, "passed": false}, "11": {"execution_time": 0.05684781074523926, "passed": false}, "12": {"execution_time": 0.05984020233154297, "passed": false}, "13": {"execution_time": 0.05684685707092285, "passed": false}, "14": {"execution_time": 0.05585026741027832, "passed": false}, "15": {"execution_time": 0.05086374282836914, "passed": false}, "16": {"execution_time": 0.04886937141418457, "passed": false}, "17": {"execution_time": 0.053855180740356445, "passed": false}, "18": {"execution_time": 0.046874284744262695, "passed": false}, "19": {"execution_time": 0.0498652458190918, "passed": false}, "20": {"execution_time": 0.05038881301879883, "passed": false}, "21": {"execution_time": 0.04986763000488281, "passed": false}, "22": {"execution_time": 0.04886937141418457, "passed": false}, "23": {"execution_time": 0.04986715316772461, "passed": false}, "24": {"execution_time": 0.054853200912475586, "passed": false}}}, "pylint_score": "-9/10"}