{"version": "1", "message": "ERROR: Hidden Testcases server unreachable.", "problem_id": "cspp1_m10_a1_1", "user_id": "saigowtham96", "score": {"sample": {"0": {"execution_time": 0.03989267349243164, "passed": false}, "1": {"execution_time": 0.039948463439941406, "passed": false}, "2": {"execution_time": 0.03600716590881348, "passed": false}, "3": {"execution_time": 0.03599119186401367, "passed": false}, "4": {"execution_time": 0.03596925735473633, "passed": false}, "5": {"execution_time": 0.03589510917663574, "passed": false}, "6": {"execution_time": 0.035952091217041016, "passed": false}, "7": {"execution_time": 0.03686118125915527, "passed": false}, "8": {"execution_time": 0.0399477481842041, "passed": false}, "9": {"execution_time": 0.04394173622131348, "passed": false}, "10": {"execution_time": 0.04394054412841797, "passed": false}, "11": {"execution_time": 0.0399477481842041, "passed": false}, "12": {"execution_time": 0.0353395938873291, "passed": false}, "13": {"execution_time": 0.04686331748962402, "passed": false}, "14": {"execution_time": 0.03124237060546875, "passed": false}, "15": {"execution_time": 0.04686427116394043, "passed": false}, "16": {"execution_time": 0.046863555908203125, "passed": false}, "17": {"execution_time": 0.031241416931152344, "passed": false}, "18": {"execution_time": 0.04686617851257324, "passed": false}, "19": {"execution_time": 0.031241893768310547, "passed": false}, "20": {"execution_time": 0.04686284065246582, "passed": false}, "21": {"execution_time": 0.04686570167541504, "passed": false}, "22": {"execution_time": 0.046864986419677734, "passed": false}, "23": {"execution_time": 0.03123950958251953, "passed": false}, "24": {"execution_time": 0.04021096229553223, "passed": false}}}, "pylint_score": "-10/10"}