{"version": "1", "message": "ERROR: Hidden Testcases server unreachable.", "problem_id": "cspp1_m10_a1_1", "user_id": "saigowtham96", "score": {"sample": {"0": {"execution_time": 0.041886091232299805, "passed": false}, "1": {"execution_time": 0.04188966751098633, "passed": false}, "2": {"execution_time": 0.04088997840881348, "passed": false}, "3": {"execution_time": 0.039893388748168945, "passed": false}, "4": {"execution_time": 0.03795623779296875, "passed": false}, "5": {"execution_time": 0.036968231201171875, "passed": false}, "6": {"execution_time": 0.04089021682739258, "passed": false}, "7": {"execution_time": 0.039895057678222656, "passed": false}, "8": {"execution_time": 0.04088854789733887, "passed": false}, "9": {"execution_time": 0.04189109802246094, "passed": false}, "10": {"execution_time": 0.039927005767822266, "passed": false}, "11": {"execution_time": 0.04090428352355957, "passed": false}, "12": {"execution_time": 0.03988361358642578, "passed": false}, "13": {"execution_time": 0.03989386558532715, "passed": false}, "14": {"execution_time": 0.04089021682739258, "passed": false}, "15": {"execution_time": 0.048868656158447266, "passed": false}, "16": {"execution_time": 0.03989434242248535, "passed": false}, "17": {"execution_time": 0.03873801231384277, "passed": false}, "18": {"execution_time": 0.03989529609680176, "passed": false}, "19": {"execution_time": 0.04149794578552246, "passed": false}, "20": {"execution_time": 0.039893388748168945, "passed": false}, "21": {"execution_time": 0.039894819259643555, "passed": false}, "22": {"execution_time": 0.037488460540771484, "passed": false}, "23": {"execution_time": 0.038808584213256836, "passed": false}, "24": {"execution_time": 0.040891408920288086, "passed": false}}}, "pylint_score": "-2/10"}