{"version": "1", "message": "ERROR: Hidden Testcases server unreachable.", "problem_id": "cspp1_m10_a1_1", "user_id": "saigowtham96", "score": {"sample": {"0": {"execution_time": 0.04686331748962402, "passed": false}, "1": {"execution_time": 0.031243324279785156, "passed": false}, "2": {"execution_time": 0.031287431716918945, "passed": false}, "3": {"execution_time": 0.03119945526123047, "passed": false}, "4": {"execution_time": 0.03127741813659668, "passed": false}, "5": {"execution_time": 0.03124380111694336, "passed": false}, "6": {"execution_time": 0.03120589256286621, "passed": false}, "7": {"execution_time": 0.046862125396728516, "passed": false}, "8": {"execution_time": 0.03130602836608887, "passed": false}, "9": {"execution_time": 0.03689837455749512, "passed": false}, "10": {"execution_time": 0.027974367141723633, "passed": false}, "11": {"execution_time": 0.04686427116394043, "passed": false}, "12": {"execution_time": 0.031242847442626953, "passed": false}, "13": {"execution_time": 0.046865224838256836, "passed": false}, "14": {"execution_time": 0.031241416931152344, "passed": false}, "15": {"execution_time": 0.04686331748962402, "passed": false}, "16": {"execution_time": 0.031243562698364258, "passed": false}, "17": {"execution_time": 0.046863555908203125, "passed": false}, "18": {"execution_time": 0.03124260902404785, "passed": false}, "19": {"execution_time": 0.03127264976501465, "passed": false}, "20": {"execution_time": 0.031241893768310547, "passed": false}, "21": {"execution_time": 0.04686379432678223, "passed": false}, "22": {"execution_time": 0.038658857345581055, "passed": false}, "23": {"execution_time": 0.03562188148498535, "passed": false}, "24": {"execution_time": 0.03127002716064453, "passed": false}}}, "pylint_score": "-16/10"}