{"version": "1", "message": "ERROR: Hidden Testcases server unreachable.", "problem_id": "cspp1_m10_a1_1", "user_id": "saigowtham96", "score": {"sample": {"0": {"execution_time": 0.0847158432006836, "passed": false}, "1": {"execution_time": 0.04188799858093262, "passed": false}, "2": {"execution_time": 0.05086398124694824, "passed": false}, "3": {"execution_time": 0.04938030242919922, "passed": false}, "4": {"execution_time": 0.047872066497802734, "passed": false}, "5": {"execution_time": 0.04487967491149902, "passed": false}, "6": {"execution_time": 0.04185891151428223, "passed": false}, "7": {"execution_time": 0.0438847541809082, "passed": false}, "8": {"execution_time": 0.04288315773010254, "passed": false}, "9": {"execution_time": 0.04587388038635254, "passed": false}, "10": {"execution_time": 0.04587602615356445, "passed": false}, "11": {"execution_time": 0.04787039756774902, "passed": false}, "12": {"execution_time": 0.046959877014160156, "passed": false}, "13": {"execution_time": 0.04587984085083008, "passed": false}, "14": {"execution_time": 0.042435407638549805, "passed": false}, "15": {"execution_time": 0.0438840389251709, "passed": false}, "16": {"execution_time": 0.04339432716369629, "passed": false}, "17": {"execution_time": 0.04388236999511719, "passed": false}, "18": {"execution_time": 0.04288506507873535, "passed": false}, "19": {"execution_time": 0.04488015174865723, "passed": false}, "20": {"execution_time": 0.04587554931640625, "passed": false}, "21": {"execution_time": 0.045877695083618164, "passed": false}, "22": {"execution_time": 0.043885231018066406, "passed": false}, "23": {"execution_time": 0.042836666107177734, "passed": false}, "24": {"execution_time": 0.04188823699951172, "passed": false}}}, "pylint_score": "0/0"}