{"version": "1", "message": "ERROR: Hidden Testcases server unreachable.", "problem_id": "cspp1_m10_a1_1", "user_id": "saigowtham96", "score": {"sample": {"0": {"execution_time": 0.0312802791595459, "passed": false}, "1": {"execution_time": 0.031206846237182617, "passed": true}, "2": {"execution_time": 0.0469050407409668, "passed": true}, "3": {"execution_time": 0.031198978424072266, "passed": true}, "4": {"execution_time": 0.031281232833862305, "passed": true}, "5": {"execution_time": 0.046877145767211914, "passed": false}, "6": {"execution_time": 0.031229019165039062, "passed": true}, "7": {"execution_time": 0.03124237060546875, "passed": true}, "8": {"execution_time": 0.04686546325683594, "passed": true}, "9": {"execution_time": 0.04811429977416992, "passed": false}, "10": {"execution_time": 0.035759925842285156, "passed": true}, "11": {"execution_time": 0.03124213218688965, "passed": true}, "12": {"execution_time": 0.046864986419677734, "passed": true}, "13": {"execution_time": 0.04686331748962402, "passed": false}, "14": {"execution_time": 0.04686331748962402, "passed": false}, "15": {"execution_time": 0.031242847442626953, "passed": false}, "16": {"execution_time": 0.046896934509277344, "passed": false}, "17": {"execution_time": 0.0468297004699707, "passed": false}, "18": {"execution_time": 0.03127288818359375, "passed": false}, "19": {"execution_time": 0.046872854232788086, "passed": false}, "20": {"execution_time": 0.04682660102844238, "passed": false}, "21": {"execution_time": 0.043883323669433594, "passed": false}, "22": {"execution_time": 0.04339146614074707, "passed": false}, "23": {"execution_time": 0.031246185302734375, "passed": false}, "24": {"execution_time": 0.04683375358581543, "passed": false}}}, "pylint_score": "1/10"}