{"version": "1", "message": "ERROR: Hidden Testcases server unreachable.", "problem_id": "cspp1_m10_a1_1", "user_id": "saigowtham96", "score": {"sample": {"0": {"execution_time": 0.04591798782348633, "passed": false}, "1": {"execution_time": 0.03586387634277344, "passed": false}, "2": {"execution_time": 0.03789877891540527, "passed": false}, "3": {"execution_time": 0.03889131546020508, "passed": false}, "4": {"execution_time": 0.0369415283203125, "passed": false}, "5": {"execution_time": 0.03693985939025879, "passed": false}, "6": {"execution_time": 0.03786110877990723, "passed": false}, "7": {"execution_time": 0.03683972358703613, "passed": false}, "8": {"execution_time": 0.035902976989746094, "passed": false}, "9": {"execution_time": 0.03789639472961426, "passed": false}, "10": {"execution_time": 0.04288625717163086, "passed": false}, "11": {"execution_time": 0.04488015174865723, "passed": false}, "12": {"execution_time": 0.04488039016723633, "passed": false}, "13": {"execution_time": 0.04587697982788086, "passed": false}, "14": {"execution_time": 0.04388284683227539, "passed": false}, "15": {"execution_time": 0.04388308525085449, "passed": false}, "16": {"execution_time": 0.04388427734375, "passed": false}, "17": {"execution_time": 0.04288339614868164, "passed": false}, "18": {"execution_time": 0.04189038276672363, "passed": false}, "19": {"execution_time": 0.041886329650878906, "passed": false}, "20": {"execution_time": 0.04188847541809082, "passed": false}, "21": {"execution_time": 0.041886329650878906, "passed": false}, "22": {"execution_time": 0.04388260841369629, "passed": false}, "23": {"execution_time": 0.04288625717163086, "passed": false}, "24": {"execution_time": 0.04487967491149902, "passed": false}}}, "pylint_score": "0/0"}