{"version": "1", "message": "ERROR: Hidden Testcases server unreachable.", "problem_id": "cspp1_m10_a1_1", "user_id": "saigowtham96", "score": {"sample": {"0": {"execution_time": 0.045877933502197266, "passed": false}, "1": {"execution_time": 0.0388951301574707, "passed": false}, "2": {"execution_time": 0.05489945411682129, "passed": false}, "3": {"execution_time": 0.055852413177490234, "passed": false}, "4": {"execution_time": 0.05584836006164551, "passed": false}, "5": {"execution_time": 0.05485391616821289, "passed": false}, "6": {"execution_time": 0.04886913299560547, "passed": false}, "7": {"execution_time": 0.04886937141418457, "passed": false}, "8": {"execution_time": 0.04886293411254883, "passed": false}, "9": {"execution_time": 0.0468747615814209, "passed": false}, "10": {"execution_time": 0.0468747615814209, "passed": false}, "11": {"execution_time": 0.04985928535461426, "passed": false}, "12": {"execution_time": 0.04787421226501465, "passed": false}, "13": {"execution_time": 0.048453330993652344, "passed": false}, "14": {"execution_time": 0.04987454414367676, "passed": false}, "15": {"execution_time": 0.04488992691040039, "passed": false}, "16": {"execution_time": 0.04587888717651367, "passed": false}, "17": {"execution_time": 0.04787015914916992, "passed": false}, "18": {"execution_time": 0.04487419128417969, "passed": false}, "19": {"execution_time": 0.048868417739868164, "passed": false}, "20": {"execution_time": 0.04687356948852539, "passed": false}, "21": {"execution_time": 0.04587697982788086, "passed": false}, "22": {"execution_time": 0.04587912559509277, "passed": false}, "23": {"execution_time": 0.04986429214477539, "passed": false}, "24": {"execution_time": 0.04624629020690918, "passed": false}}}, "pylint_score": "0/0"}