{"version": "1", "message": "ERROR: Hidden Testcases server unreachable.", "problem_id": "cspp1_m10_a1_1", "user_id": "saigowtham96", "score": {"sample": {"0": {"execution_time": 0.11980271339416504, "passed": false}, "1": {"execution_time": 0.06964540481567383, "passed": false}, "2": {"execution_time": 0.06791353225708008, "passed": false}, "3": {"execution_time": 0.06790518760681152, "passed": false}, "4": {"execution_time": 0.06298017501831055, "passed": false}, "5": {"execution_time": 0.0781092643737793, "passed": false}, "6": {"execution_time": 0.0781097412109375, "passed": false}, "7": {"execution_time": 0.09372401237487793, "passed": false}, "8": {"execution_time": 0.07810783386230469, "passed": false}, "9": {"execution_time": 0.07814717292785645, "passed": false}, "10": {"execution_time": 0.08506250381469727, "passed": false}, "11": {"execution_time": 0.07590055465698242, "passed": false}, "12": {"execution_time": 0.075897216796875, "passed": false}, "13": {"execution_time": 0.0798940658569336, "passed": false}, "14": {"execution_time": 0.07589840888977051, "passed": false}, "15": {"execution_time": 0.07590103149414062, "passed": false}, "16": {"execution_time": 0.06742691993713379, "passed": false}, "17": {"execution_time": 0.07810115814208984, "passed": false}, "18": {"execution_time": 0.07806634902954102, "passed": false}, "19": {"execution_time": 0.07806825637817383, "passed": false}, "20": {"execution_time": 0.07810616493225098, "passed": false}, "21": {"execution_time": 0.07810688018798828, "passed": false}, "22": {"execution_time": 0.09186530113220215, "passed": false}, "23": {"execution_time": 0.0758965015411377, "passed": false}, "24": {"execution_time": 0.07590055465698242, "passed": false}}}, "pylint_score": "-10/10"}