{"version": "1", "message": "ERROR: Hidden Testcases server unreachable.", "problem_id": "cspp1_m10_a1_1", "user_id": "saigowtham96", "score": {"sample": {"0": {"execution_time": 0.14062833786010742, "passed": false}, "1": {"execution_time": 0.09368395805358887, "passed": false}, "2": {"execution_time": 0.08719539642333984, "passed": false}, "3": {"execution_time": 0.07190752029418945, "passed": false}, "4": {"execution_time": 0.07989025115966797, "passed": false}, "5": {"execution_time": 0.08388924598693848, "passed": false}, "6": {"execution_time": 0.07989668846130371, "passed": false}, "7": {"execution_time": 0.08388710021972656, "passed": false}, "8": {"execution_time": 0.06772041320800781, "passed": false}, "9": {"execution_time": 0.07806658744812012, "passed": false}, "10": {"execution_time": 0.09373021125793457, "passed": false}, "11": {"execution_time": 0.07810378074645996, "passed": false}, "12": {"execution_time": 0.07810807228088379, "passed": false}, "13": {"execution_time": 0.0781099796295166, "passed": false}, "14": {"execution_time": 0.08980774879455566, "passed": false}, "15": {"execution_time": 0.07989239692687988, "passed": false}, "16": {"execution_time": 0.0798947811126709, "passed": false}, "17": {"execution_time": 0.0758812427520752, "passed": false}, "18": {"execution_time": 0.07589483261108398, "passed": false}, "19": {"execution_time": 0.07589459419250488, "passed": false}, "20": {"execution_time": 0.07589983940124512, "passed": false}, "21": {"execution_time": 0.06691718101501465, "passed": false}, "22": {"execution_time": 0.07810735702514648, "passed": false}, "23": {"execution_time": 0.07810282707214355, "passed": false}, "24": {"execution_time": 0.07810735702514648, "passed": false}}}, "pylint_score": "-10/10"}