{"version": "1", "message": "ERROR: Hidden Testcases server unreachable.", "problem_id": "cspp1_m10_a1_1", "user_id": "saigowtham96", "score": {"sample": {"0": {"execution_time": 0.04089069366455078, "passed": false}, "1": {"execution_time": 0.04886937141418457, "passed": false}, "2": {"execution_time": 0.054851531982421875, "passed": false}, "3": {"execution_time": 0.05285835266113281, "passed": false}, "4": {"execution_time": 0.05984163284301758, "passed": false}, "5": {"execution_time": 0.04388308525085449, "passed": false}, "6": {"execution_time": 0.04986429214477539, "passed": false}, "7": {"execution_time": 0.04863309860229492, "passed": false}, "8": {"execution_time": 0.04587745666503906, "passed": false}, "9": {"execution_time": 0.04387784004211426, "passed": false}, "10": {"execution_time": 0.048874855041503906, "passed": false}, "11": {"execution_time": 0.04758810997009277, "passed": false}, "12": {"execution_time": 0.0498659610748291, "passed": false}, "13": {"execution_time": 0.049658775329589844, "passed": false}, "14": {"execution_time": 0.04787278175354004, "passed": false}, "15": {"execution_time": 0.045873403549194336, "passed": false}, "16": {"execution_time": 0.05285906791687012, "passed": false}, "17": {"execution_time": 0.046387672424316406, "passed": false}, "18": {"execution_time": 0.04587864875793457, "passed": false}, "19": {"execution_time": 0.04886984825134277, "passed": false}, "20": {"execution_time": 0.04487967491149902, "passed": false}, "21": {"execution_time": 0.047872066497802734, "passed": false}, "22": {"execution_time": 0.04887270927429199, "passed": false}, "23": {"execution_time": 0.04687356948852539, "passed": false}, "24": {"execution_time": 0.047872066497802734, "passed": false}}}, "pylint_score": "0/0"}