{"version": "1", "message": "ERROR: Hidden Testcases server unreachable.", "problem_id": "cspp1_m10_a1_1", "user_id": "saigowtham96", "score": {"sample": {"0": {"execution_time": 0.035866737365722656, "passed": false}, "1": {"execution_time": 0.03385567665100098, "passed": false}, "2": {"execution_time": 0.03390979766845703, "passed": false}, "3": {"execution_time": 0.033844947814941406, "passed": false}, "4": {"execution_time": 0.033911705017089844, "passed": false}, "5": {"execution_time": 0.03490591049194336, "passed": false}, "6": {"execution_time": 0.03490781784057617, "passed": false}, "7": {"execution_time": 0.03391003608703613, "passed": false}, "8": {"execution_time": 0.03490638732910156, "passed": false}, "9": {"execution_time": 0.034905195236206055, "passed": false}, "10": {"execution_time": 0.03586697578430176, "passed": false}, "11": {"execution_time": 0.041887521743774414, "passed": false}, "12": {"execution_time": 0.041887760162353516, "passed": false}, "13": {"execution_time": 0.04188847541809082, "passed": false}, "14": {"execution_time": 0.039893150329589844, "passed": false}, "15": {"execution_time": 0.04089045524597168, "passed": false}, "16": {"execution_time": 0.03989410400390625, "passed": false}, "17": {"execution_time": 0.040891170501708984, "passed": false}, "18": {"execution_time": 0.03989362716674805, "passed": false}, "19": {"execution_time": 0.04089021682739258, "passed": false}, "20": {"execution_time": 0.03988814353942871, "passed": false}, "21": {"execution_time": 0.039566993713378906, "passed": false}, "22": {"execution_time": 0.04089093208312988, "passed": false}, "23": {"execution_time": 0.04288601875305176, "passed": false}, "24": {"execution_time": 0.04488086700439453, "passed": false}}}, "pylint_score": "0/0"}