{"version": "1", "message": "ERROR: Hidden Testcases server unreachable.", "problem_id": "cspp1_m10_a1_1", "user_id": "saigowtham96", "score": {"sample": {"0": {"execution_time": 0.08277773857116699, "passed": false}, "1": {"execution_time": 0.0409235954284668, "passed": false}, "2": {"execution_time": 0.041863441467285156, "passed": false}, "3": {"execution_time": 0.040882110595703125, "passed": false}, "4": {"execution_time": 0.0408935546875, "passed": false}, "5": {"execution_time": 0.03989267349243164, "passed": false}, "6": {"execution_time": 0.04141569137573242, "passed": false}, "7": {"execution_time": 0.04089164733886719, "passed": false}, "8": {"execution_time": 0.04089069366455078, "passed": false}, "9": {"execution_time": 0.0408940315246582, "passed": false}, "10": {"execution_time": 0.03594398498535156, "passed": false}, "11": {"execution_time": 0.034966230392456055, "passed": false}, "12": {"execution_time": 0.03490781784057617, "passed": false}, "13": {"execution_time": 0.03490638732910156, "passed": false}, "14": {"execution_time": 0.03594040870666504, "passed": false}, "15": {"execution_time": 0.035918235778808594, "passed": false}, "16": {"execution_time": 0.03485465049743652, "passed": false}, "17": {"execution_time": 0.0349431037902832, "passed": false}, "18": {"execution_time": 0.034960031509399414, "passed": false}, "19": {"execution_time": 0.0349428653717041, "passed": false}, "20": {"execution_time": 0.034908294677734375, "passed": false}, "21": {"execution_time": 0.034905195236206055, "passed": false}, "22": {"execution_time": 0.03489351272583008, "passed": false}, "23": {"execution_time": 0.03594565391540527, "passed": false}, "24": {"execution_time": 0.03497910499572754, "passed": false}}}, "pylint_score": "0/0"}