{"version": "1", "message": "ERROR: Hidden Testcases server unreachable.", "problem_id": "cspp1_m10_a1_1", "user_id": "saigowtham96", "score": {"sample": {"0": {"execution_time": 0.04686093330383301, "passed": false}, "1": {"execution_time": 0.031244516372680664, "passed": true}, "2": {"execution_time": 0.04686379432678223, "passed": true}, "3": {"execution_time": 0.04686284065246582, "passed": true}, "4": {"execution_time": 0.052136898040771484, "passed": true}, "5": {"execution_time": 0.04331660270690918, "passed": false}, "6": {"execution_time": 0.04686570167541504, "passed": true}, "7": {"execution_time": 0.03124237060546875, "passed": true}, "8": {"execution_time": 0.05099606513977051, "passed": true}, "9": {"execution_time": 0.039353370666503906, "passed": false}, "10": {"execution_time": 0.031241655349731445, "passed": true}, "11": {"execution_time": 0.046866655349731445, "passed": true}, "12": {"execution_time": 0.04686236381530762, "passed": true}, "13": {"execution_time": 0.03124237060546875, "passed": false}, "14": {"execution_time": 0.046900033950805664, "passed": false}, "15": {"execution_time": 0.05104708671569824, "passed": false}, "16": {"execution_time": 0.04004526138305664, "passed": false}, "17": {"execution_time": 0.031244754791259766, "passed": false}, "18": {"execution_time": 0.046865224838256836, "passed": false}, "19": {"execution_time": 0.04686236381530762, "passed": false}, "20": {"execution_time": 0.031241893768310547, "passed": false}, "21": {"execution_time": 0.046865224838256836, "passed": false}, "22": {"execution_time": 0.04686331748962402, "passed": false}, "23": {"execution_time": 0.031241893768310547, "passed": false}, "24": {"execution_time": 0.04686284065246582, "passed": false}}}, "pylint_score": "2/10"}