{"version": "1", "message": "ERROR: Hidden Testcases server unreachable.", "problem_id": "cspp1_m10_a1_1", "user_id": "saigowtham96", "score": {"sample": {"0": {"execution_time": 0.20046615600585938, "passed": false}, "1": {"execution_time": 0.04839134216308594, "passed": false}, "2": {"execution_time": 0.04687380790710449, "passed": false}, "3": {"execution_time": 0.04787278175354004, "passed": false}, "4": {"execution_time": 0.059839725494384766, "passed": false}, "5": {"execution_time": 0.05186128616333008, "passed": false}, "6": {"execution_time": 0.05186629295349121, "passed": false}, "7": {"execution_time": 0.053853750228881836, "passed": false}, "8": {"execution_time": 0.057845115661621094, "passed": false}, "9": {"execution_time": 0.057845115661621094, "passed": false}, "10": {"execution_time": 0.053856849670410156, "passed": false}, "11": {"execution_time": 0.04687643051147461, "passed": false}, "12": {"execution_time": 0.060837507247924805, "passed": false}, "13": {"execution_time": 0.06283259391784668, "passed": false}, "14": {"execution_time": 0.047868967056274414, "passed": false}, "15": {"execution_time": 0.049866437911987305, "passed": false}, "16": {"execution_time": 0.050864458084106445, "passed": false}, "17": {"execution_time": 0.04986715316772461, "passed": false}, "18": {"execution_time": 0.04587745666503906, "passed": false}, "19": {"execution_time": 0.045876264572143555, "passed": false}, "20": {"execution_time": 0.04687356948852539, "passed": false}, "21": {"execution_time": 0.047872066497802734, "passed": false}, "22": {"execution_time": 0.047872066497802734, "passed": false}, "23": {"execution_time": 0.05468273162841797, "passed": false}, "24": {"execution_time": 0.05086493492126465, "passed": false}}}, "pylint_score": "-12/10"}