{"version": "1", "message": "ERROR: Hidden Testcases server unreachable.", "problem_id": "cspp1_m10_a1_1", "user_id": "saigowtham96", "score": {"sample": {"0": {"execution_time": 0.04682517051696777, "passed": false}, "1": {"execution_time": 0.03128457069396973, "passed": true}, "2": {"execution_time": 0.03123950958251953, "passed": true}, "3": {"execution_time": 0.046827077865600586, "passed": true}, "4": {"execution_time": 0.03127908706665039, "passed": true}, "5": {"execution_time": 0.031204938888549805, "passed": false}, "6": {"execution_time": 0.03128361701965332, "passed": true}, "7": {"execution_time": 0.046822547912597656, "passed": true}, "8": {"execution_time": 0.03942537307739258, "passed": true}, "9": {"execution_time": 0.03604316711425781, "passed": false}, "10": {"execution_time": 0.04691672325134277, "passed": true}, "11": {"execution_time": 0.031192302703857422, "passed": true}, "12": {"execution_time": 0.04689383506774902, "passed": true}, "13": {"execution_time": 0.04683375358581543, "passed": false}, "14": {"execution_time": 0.03129887580871582, "passed": false}, "15": {"execution_time": 0.04680681228637695, "passed": false}, "16": {"execution_time": 0.03124213218688965, "passed": false}, "17": {"execution_time": 0.031244993209838867, "passed": false}, "18": {"execution_time": 0.04686284065246582, "passed": false}, "19": {"execution_time": 0.0312800407409668, "passed": false}, "20": {"execution_time": 0.04682660102844238, "passed": false}, "21": {"execution_time": 0.04098057746887207, "passed": false}, "22": {"execution_time": 0.035327911376953125, "passed": false}, "23": {"execution_time": 0.04686164855957031, "passed": false}, "24": {"execution_time": 0.031242847442626953, "passed": false}}}, "pylint_score": "2/10"}