{"version": "1", "message": "ERROR: Hidden Testcases server unreachable.", "problem_id": "cspp1_m10_a1_1", "user_id": "saigowtham96", "score": {"sample": {"0": {"execution_time": 0.03789806365966797, "passed": false}, "1": {"execution_time": 0.037900686264038086, "passed": false}, "2": {"execution_time": 0.03789925575256348, "passed": false}, "3": {"execution_time": 0.03789639472961426, "passed": false}, "4": {"execution_time": 0.03690028190612793, "passed": false}, "5": {"execution_time": 0.03789877891540527, "passed": false}, "6": {"execution_time": 0.03690171241760254, "passed": false}, "7": {"execution_time": 0.04168081283569336, "passed": false}, "8": {"execution_time": 0.04787278175354004, "passed": false}, "9": {"execution_time": 0.047872304916381836, "passed": false}, "10": {"execution_time": 0.05044412612915039, "passed": false}, "11": {"execution_time": 0.04787158966064453, "passed": false}, "12": {"execution_time": 0.042887210845947266, "passed": false}, "13": {"execution_time": 0.04488229751586914, "passed": false}, "14": {"execution_time": 0.042885541915893555, "passed": false}, "15": {"execution_time": 0.042885541915893555, "passed": false}, "16": {"execution_time": 0.04487943649291992, "passed": false}, "17": {"execution_time": 0.044879913330078125, "passed": false}, "18": {"execution_time": 0.04465484619140625, "passed": false}, "19": {"execution_time": 0.044878482818603516, "passed": false}, "20": {"execution_time": 0.0461118221282959, "passed": false}, "21": {"execution_time": 0.04388141632080078, "passed": false}, "22": {"execution_time": 0.04488182067871094, "passed": false}, "23": {"execution_time": 0.04488015174865723, "passed": false}, "24": {"execution_time": 0.04487800598144531, "passed": false}}}, "pylint_score": "-13/10"}