{"version": "1", "message": "ERROR: Hidden Testcases server unreachable.", "problem_id": "cspp1_m10_a1_1", "user_id": "saigowtham96", "score": {"sample": {"0": {"execution_time": 0.041889190673828125, "passed": false}, "1": {"execution_time": 0.03989386558532715, "passed": false}, "2": {"execution_time": 0.05382061004638672, "passed": false}, "3": {"execution_time": 0.05385637283325195, "passed": false}, "4": {"execution_time": 0.05442237854003906, "passed": false}, "5": {"execution_time": 0.057851314544677734, "passed": false}, "6": {"execution_time": 0.0563654899597168, "passed": false}, "7": {"execution_time": 0.054848432540893555, "passed": false}, "8": {"execution_time": 0.04886889457702637, "passed": false}, "9": {"execution_time": 0.04886960983276367, "passed": false}, "10": {"execution_time": 0.052858829498291016, "passed": false}, "11": {"execution_time": 0.045876502990722656, "passed": false}, "12": {"execution_time": 0.045877695083618164, "passed": false}, "13": {"execution_time": 0.04587697982788086, "passed": false}, "14": {"execution_time": 0.04886984825134277, "passed": false}, "15": {"execution_time": 0.0468747615814209, "passed": false}, "16": {"execution_time": 0.045877933502197266, "passed": false}, "17": {"execution_time": 0.048868656158447266, "passed": false}, "18": {"execution_time": 0.05186152458190918, "passed": false}, "19": {"execution_time": 0.0468747615814209, "passed": false}, "20": {"execution_time": 0.0468747615814209, "passed": false}, "21": {"execution_time": 0.04886960983276367, "passed": false}, "22": {"execution_time": 0.049866437911987305, "passed": false}, "23": {"execution_time": 0.05086493492126465, "passed": false}, "24": {"execution_time": 0.04886889457702637, "passed": false}}}, "pylint_score": "-10/10"}