{"version": "1", "message": "ERROR: Hidden Testcases server unreachable.", "problem_id": "cspp1_m10_a1_1", "user_id": "saigowtham96", "score": {"sample": {"0": {"execution_time": 0.048857927322387695, "passed": true}, "1": {"execution_time": 0.0488736629486084, "passed": false}, "2": {"execution_time": 0.04788541793823242, "passed": false}, "3": {"execution_time": 0.04787182807922363, "passed": false}, "4": {"execution_time": 0.04787254333496094, "passed": false}, "5": {"execution_time": 0.0448756217956543, "passed": false}, "6": {"execution_time": 0.05784130096435547, "passed": false}, "7": {"execution_time": 0.051862239837646484, "passed": false}, "8": {"execution_time": 0.04986715316772461, "passed": false}, "9": {"execution_time": 0.047870635986328125, "passed": false}, "10": {"execution_time": 0.048871755599975586, "passed": false}, "11": {"execution_time": 0.045877695083618164, "passed": false}, "12": {"execution_time": 0.05086779594421387, "passed": false}, "13": {"execution_time": 0.05085921287536621, "passed": false}, "14": {"execution_time": 0.05185985565185547, "passed": false}, "15": {"execution_time": 0.0518646240234375, "passed": false}, "16": {"execution_time": 0.05086350440979004, "passed": false}, "17": {"execution_time": 0.04983162879943848, "passed": false}, "18": {"execution_time": 0.04787015914916992, "passed": false}, "19": {"execution_time": 0.04687690734863281, "passed": false}, "20": {"execution_time": 0.050864458084106445, "passed": false}, "21": {"execution_time": 0.050862789154052734, "passed": false}, "22": {"execution_time": 0.0408933162689209, "passed": false}, "23": {"execution_time": 0.03885602951049805, "passed": false}, "24": {"execution_time": 0.04088759422302246, "passed": false}}}, "pylint_score": "-3/10"}