{"version": "1", "message": "ERROR: Hidden Testcases server unreachable.", "problem_id": "cspp1_m10_a1_1", "user_id": "saigowtham96", "score": {"sample": {"0": {"execution_time": 0.11876893043518066, "passed": true}, "1": {"execution_time": 0.07579970359802246, "passed": false}, "2": {"execution_time": 0.0857686996459961, "passed": false}, "3": {"execution_time": 0.07579636573791504, "passed": false}, "4": {"execution_time": 0.08935952186584473, "passed": false}, "5": {"execution_time": 0.1017293930053711, "passed": false}, "6": {"execution_time": 0.1107029914855957, "passed": false}, "7": {"execution_time": 0.09574294090270996, "passed": false}, "8": {"execution_time": 0.10272479057312012, "passed": false}, "9": {"execution_time": 0.09575629234313965, "passed": false}, "10": {"execution_time": 0.09234428405761719, "passed": false}, "11": {"execution_time": 0.09525656700134277, "passed": false}, "12": {"execution_time": 0.09989166259765625, "passed": false}, "13": {"execution_time": 0.09427571296691895, "passed": false}, "14": {"execution_time": 0.09873461723327637, "passed": false}, "15": {"execution_time": 0.09574174880981445, "passed": false}, "16": {"execution_time": 0.09474778175354004, "passed": false}, "17": {"execution_time": 0.09175443649291992, "passed": true}, "18": {"execution_time": 0.09474682807922363, "passed": false}, "19": {"execution_time": 0.0907590389251709, "passed": false}, "20": {"execution_time": 0.08975911140441895, "passed": true}, "21": {"execution_time": 0.09474754333496094, "passed": false}, "22": {"execution_time": 0.09625601768493652, "passed": false}, "23": {"execution_time": 0.10324215888977051, "passed": false}, "24": {"execution_time": 0.09173107147216797, "passed": false}}}, "pylint_score": "0/10"}