{"version": "1", "message": "ERROR: Hidden Testcases server unreachable.", "problem_id": "cspp1_m10_a1_1", "user_id": "saigowtham96", "score": {"sample": {"0": {"execution_time": 0.04089045524597168, "passed": true}, "1": {"execution_time": 0.04189324378967285, "passed": false}, "2": {"execution_time": 0.04787039756774902, "passed": false}, "3": {"execution_time": 0.049868106842041016, "passed": false}, "4": {"execution_time": 0.058843135833740234, "passed": false}, "5": {"execution_time": 0.04487919807434082, "passed": false}, "6": {"execution_time": 0.04288458824157715, "passed": false}, "7": {"execution_time": 0.04088950157165527, "passed": false}, "8": {"execution_time": 0.04088950157165527, "passed": false}, "9": {"execution_time": 0.04089045524597168, "passed": false}, "10": {"execution_time": 0.04089069366455078, "passed": false}, "11": {"execution_time": 0.03989219665527344, "passed": false}, "12": {"execution_time": 0.03989362716674805, "passed": false}, "13": {"execution_time": 0.04088568687438965, "passed": false}, "14": {"execution_time": 0.04188895225524902, "passed": false}, "15": {"execution_time": 0.041887521743774414, "passed": false}, "16": {"execution_time": 0.04129981994628906, "passed": false}, "17": {"execution_time": 0.0438845157623291, "passed": false}, "18": {"execution_time": 0.04339241981506348, "passed": false}, "19": {"execution_time": 0.04288673400878906, "passed": false}, "20": {"execution_time": 0.04088950157165527, "passed": false}, "21": {"execution_time": 0.04583930969238281, "passed": false}, "22": {"execution_time": 0.044910430908203125, "passed": false}, "23": {"execution_time": 0.04288601875305176, "passed": false}, "24": {"execution_time": 0.04488086700439453, "passed": false}}}, "pylint_score": "-3/10"}