{"version": "1", "message": "ERROR: Hidden Testcases server unreachable.", "problem_id": "cspp1_m10_a1_1", "user_id": "saigowtham96", "score": {"sample": {"0": {"execution_time": 0.04686617851257324, "passed": false}, "1": {"execution_time": 0.03552579879760742, "passed": false}, "2": {"execution_time": 0.03209829330444336, "passed": false}, "3": {"execution_time": 0.031246185302734375, "passed": false}, "4": {"execution_time": 0.031241655349731445, "passed": false}, "5": {"execution_time": 0.03128457069396973, "passed": false}, "6": {"execution_time": 0.04686474800109863, "passed": false}, "7": {"execution_time": 0.031198978424072266, "passed": false}, "8": {"execution_time": 0.03124237060546875, "passed": false}, "9": {"execution_time": 0.04686474800109863, "passed": false}, "10": {"execution_time": 0.046865224838256836, "passed": false}, "11": {"execution_time": 0.04689788818359375, "passed": false}, "12": {"execution_time": 0.031208276748657227, "passed": false}, "13": {"execution_time": 0.04686284065246582, "passed": false}, "14": {"execution_time": 0.043767690658569336, "passed": false}, "15": {"execution_time": 0.036057472229003906, "passed": false}, "16": {"execution_time": 0.04686450958251953, "passed": false}, "17": {"execution_time": 0.03124380111694336, "passed": false}, "18": {"execution_time": 0.04686379432678223, "passed": false}, "19": {"execution_time": 0.031242847442626953, "passed": false}, "20": {"execution_time": 0.04686284065246582, "passed": false}, "21": {"execution_time": 0.04686379432678223, "passed": false}, "22": {"execution_time": 0.031280517578125, "passed": false}, "23": {"execution_time": 0.04682612419128418, "passed": false}, "24": {"execution_time": 0.031242847442626953, "passed": false}}}, "pylint_score": "0/0"}