{"version": "1", "message": "ERROR: Hidden Testcases server unreachable.", "problem_id": "cspp1_m10_a1_1", "user_id": "saigowtham96", "score": {"sample": {"0": {"execution_time": 0.036475419998168945, "passed": false}, "1": {"execution_time": 0.03588080406188965, "passed": false}, "2": {"execution_time": 0.03597068786621094, "passed": false}, "3": {"execution_time": 0.03483986854553223, "passed": false}, "4": {"execution_time": 0.035856008529663086, "passed": false}, "5": {"execution_time": 0.035907745361328125, "passed": false}, "6": {"execution_time": 0.03507661819458008, "passed": false}, "7": {"execution_time": 0.035904884338378906, "passed": false}, "8": {"execution_time": 0.0359044075012207, "passed": false}, "9": {"execution_time": 0.03598737716674805, "passed": false}, "10": {"execution_time": 0.035820722579956055, "passed": false}, "11": {"execution_time": 0.03691244125366211, "passed": false}, "12": {"execution_time": 0.036893367767333984, "passed": false}, "13": {"execution_time": 0.03497457504272461, "passed": false}, "14": {"execution_time": 0.03597593307495117, "passed": false}, "15": {"execution_time": 0.03590893745422363, "passed": false}, "16": {"execution_time": 0.034837961196899414, "passed": false}, "17": {"execution_time": 0.03587174415588379, "passed": false}, "18": {"execution_time": 0.03894352912902832, "passed": false}, "19": {"execution_time": 0.036008596420288086, "passed": false}, "20": {"execution_time": 0.03490805625915527, "passed": false}, "21": {"execution_time": 0.035903215408325195, "passed": false}, "22": {"execution_time": 0.03553175926208496, "passed": false}, "23": {"execution_time": 0.034925222396850586, "passed": false}, "24": {"execution_time": 0.035901546478271484, "passed": false}}}, "pylint_score": "0/0"}