{"version": "1", "message": "ERROR: Hidden Testcases server unreachable.", "problem_id": "cspp1_m10_a1_1", "user_id": "saigowtham96", "score": {"sample": {"0": {"execution_time": 0.041838884353637695, "passed": false}, "1": {"execution_time": 0.036901235580444336, "passed": false}, "2": {"execution_time": 0.03789877891540527, "passed": false}, "3": {"execution_time": 0.041886091232299805, "passed": false}, "4": {"execution_time": 0.04886937141418457, "passed": false}, "5": {"execution_time": 0.04488372802734375, "passed": false}, "6": {"execution_time": 0.0498654842376709, "passed": false}, "7": {"execution_time": 0.045876502990722656, "passed": false}, "8": {"execution_time": 0.04787182807922363, "passed": false}, "9": {"execution_time": 0.045877695083618164, "passed": false}, "10": {"execution_time": 0.044879913330078125, "passed": false}, "11": {"execution_time": 0.04388260841369629, "passed": false}, "12": {"execution_time": 0.04587817192077637, "passed": false}, "13": {"execution_time": 0.04288506507873535, "passed": false}, "14": {"execution_time": 0.045876264572143555, "passed": false}, "15": {"execution_time": 0.04288601875305176, "passed": false}, "16": {"execution_time": 0.04188656806945801, "passed": false}, "17": {"execution_time": 0.04243636131286621, "passed": false}, "18": {"execution_time": 0.04188847541809082, "passed": false}, "19": {"execution_time": 0.044881343841552734, "passed": false}, "20": {"execution_time": 0.043886423110961914, "passed": false}, "21": {"execution_time": 0.04387927055358887, "passed": false}, "22": {"execution_time": 0.04504752159118652, "passed": false}, "23": {"execution_time": 0.042885541915893555, "passed": false}, "24": {"execution_time": 0.04188847541809082, "passed": false}}}, "pylint_score": "0/0"}