{"version": "1", "message": "ERROR: Hidden Testcases server unreachable.", "problem_id": "cspp1_m10_a1_1", "user_id": "saigowtham96", "score": {"sample": {"0": {"execution_time": 0.06303834915161133, "passed": false}, "1": {"execution_time": 0.04046797752380371, "passed": false}, "2": {"execution_time": 0.057753562927246094, "passed": false}, "3": {"execution_time": 0.06252360343933105, "passed": false}, "4": {"execution_time": 0.06878256797790527, "passed": false}, "5": {"execution_time": 0.10965847969055176, "passed": false}, "6": {"execution_time": 0.10188841819763184, "passed": false}, "7": {"execution_time": 0.10938525199890137, "passed": false}, "8": {"execution_time": 0.11208581924438477, "passed": false}, "9": {"execution_time": 0.10545897483825684, "passed": false}, "10": {"execution_time": 0.10524368286132812, "passed": false}, "11": {"execution_time": 0.09990143775939941, "passed": false}, "12": {"execution_time": 0.11165738105773926, "passed": false}, "13": {"execution_time": 0.11042070388793945, "passed": false}, "14": {"execution_time": 0.10738277435302734, "passed": false}, "15": {"execution_time": 0.10576319694519043, "passed": false}, "16": {"execution_time": 0.08555746078491211, "passed": false}, "17": {"execution_time": 0.10274362564086914, "passed": false}, "18": {"execution_time": 0.09200406074523926, "passed": false}, "19": {"execution_time": 0.08909440040588379, "passed": false}, "20": {"execution_time": 0.08455562591552734, "passed": false}, "21": {"execution_time": 0.09372639656066895, "passed": false}, "22": {"execution_time": 0.0936880111694336, "passed": false}, "23": {"execution_time": 0.09163880348205566, "passed": false}, "24": {"execution_time": 0.1039280891418457, "passed": false}}}, "pylint_score": "-13/10"}