{"version": "1", "message": "ERROR: Hidden Testcases server unreachable.", "problem_id": "cspp1_m10_a1_1", "user_id": "saigowtham96", "score": {"sample": {"0": {"execution_time": 0.04088616371154785, "passed": true}, "1": {"execution_time": 0.03590083122253418, "passed": false}, "2": {"execution_time": 0.03690147399902344, "passed": false}, "3": {"execution_time": 0.036902666091918945, "passed": false}, "4": {"execution_time": 0.03590273857116699, "passed": false}, "5": {"execution_time": 0.035860538482666016, "passed": false}, "6": {"execution_time": 0.036904335021972656, "passed": false}, "7": {"execution_time": 0.035903215408325195, "passed": false}, "8": {"execution_time": 0.03793025016784668, "passed": false}, "9": {"execution_time": 0.03590226173400879, "passed": false}, "10": {"execution_time": 0.03490567207336426, "passed": false}, "11": {"execution_time": 0.035901784896850586, "passed": false}, "12": {"execution_time": 0.037901878356933594, "passed": false}, "13": {"execution_time": 0.0369112491607666, "passed": false}, "14": {"execution_time": 0.0369110107421875, "passed": false}, "15": {"execution_time": 0.03594088554382324, "passed": false}, "16": {"execution_time": 0.035942792892456055, "passed": true}, "17": {"execution_time": 0.03686237335205078, "passed": true}, "18": {"execution_time": 0.03690958023071289, "passed": true}, "19": {"execution_time": 0.03695845603942871, "passed": false}, "20": {"execution_time": 0.03684544563293457, "passed": true}, "21": {"execution_time": 0.0369114875793457, "passed": false}, "22": {"execution_time": 0.035892486572265625, "passed": false}, "23": {"execution_time": 0.03698897361755371, "passed": false}, "24": {"execution_time": 0.036840200424194336, "passed": false}}}, "pylint_score": "-4/10"}