{"version": "1", "message": "ERROR: Hidden Testcases server unreachable.", "problem_id": "cspp1_m10_a1_1", "user_id": "saigowtham96", "score": {"sample": {"0": {"execution_time": 0.039850473403930664, "passed": false}, "1": {"execution_time": 0.03690218925476074, "passed": false}, "2": {"execution_time": 0.0369877815246582, "passed": false}, "3": {"execution_time": 0.03784942626953125, "passed": false}, "4": {"execution_time": 0.03791236877441406, "passed": false}, "5": {"execution_time": 0.03686237335205078, "passed": false}, "6": {"execution_time": 0.03593611717224121, "passed": false}, "7": {"execution_time": 0.0379033088684082, "passed": false}, "8": {"execution_time": 0.03590202331542969, "passed": false}, "9": {"execution_time": 0.040891170501708984, "passed": false}, "10": {"execution_time": 0.04687166213989258, "passed": false}, "11": {"execution_time": 0.06283187866210938, "passed": false}, "12": {"execution_time": 0.06981110572814941, "passed": false}, "13": {"execution_time": 0.04985976219177246, "passed": false}, "14": {"execution_time": 0.04387855529785156, "passed": false}, "15": {"execution_time": 0.04189014434814453, "passed": false}, "16": {"execution_time": 0.04487967491149902, "passed": false}, "17": {"execution_time": 0.0468747615814209, "passed": false}, "18": {"execution_time": 0.044502973556518555, "passed": false}, "19": {"execution_time": 0.04288530349731445, "passed": false}, "20": {"execution_time": 0.04488253593444824, "passed": false}, "21": {"execution_time": 0.04288315773010254, "passed": false}, "22": {"execution_time": 0.042882442474365234, "passed": false}, "23": {"execution_time": 0.04288911819458008, "passed": false}, "24": {"execution_time": 0.04288458824157715, "passed": false}}}, "pylint_score": "0/0"}