{"version": "1", "message": "ERROR: Hidden Testcases server unreachable.", "problem_id": "cspp1_m10_a1_1", "user_id": "saigowtham96", "score": {"sample": {"0": {"execution_time": 0.04189920425415039, "passed": true}, "1": {"execution_time": 0.03989005088806152, "passed": false}, "2": {"execution_time": 0.03889775276184082, "passed": false}, "3": {"execution_time": 0.04384255409240723, "passed": false}, "4": {"execution_time": 0.04288339614868164, "passed": false}, "5": {"execution_time": 0.03989529609680176, "passed": false}, "6": {"execution_time": 0.04089045524597168, "passed": false}, "7": {"execution_time": 0.04088735580444336, "passed": false}, "8": {"execution_time": 0.03690338134765625, "passed": false}, "9": {"execution_time": 0.04188847541809082, "passed": false}, "10": {"execution_time": 0.03989553451538086, "passed": false}, "11": {"execution_time": 0.0388941764831543, "passed": false}, "12": {"execution_time": 0.04089474678039551, "passed": false}, "13": {"execution_time": 0.039890289306640625, "passed": false}, "14": {"execution_time": 0.03789687156677246, "passed": false}, "15": {"execution_time": 0.03989410400390625, "passed": false}, "16": {"execution_time": 0.04089069366455078, "passed": false}, "17": {"execution_time": 0.040888309478759766, "passed": false}, "18": {"execution_time": 0.040732383728027344, "passed": false}, "19": {"execution_time": 0.04587888717651367, "passed": false}, "20": {"execution_time": 0.03890037536621094, "passed": false}, "21": {"execution_time": 0.04089188575744629, "passed": false}, "22": {"execution_time": 0.04239654541015625, "passed": false}, "23": {"execution_time": 0.03989267349243164, "passed": false}, "24": {"execution_time": 0.03889822959899902, "passed": false}}}, "pylint_score": "-11/10"}